Age,BusinessTravel,DailyRate,Department,DistanceFromHome,Education,EducationField,EmployeeCount,EmployeeNumber,EnvironmentSatisfaction,Gender,HourlyRate,JobInvolvement,JobLevel,JobRole,JobSatisfaction,MaritalStatus,MonthlyIncome,MonthlyRate,NumCompaniesWorked,Over18,OverTime,PercentSalaryHike,PerformanceRating,RelationshipSatisfaction,StandardHours,StockOptionLevel,TotalWorkingYears,TrainingTimesLastYear,WorkLifeBalance,YearsAtCompany,YearsInCurrentRole,YearsSinceLastPromotion,YearsWithCurrManager,Attrition
41,2,1102,2,1,2,1,1,1,2,0,94,3,2,7,4,2,5993,19479,8,0,1,11,3,1,80,0,8,0,1,6,4,0,5,1
49,1,279,1,8,1,1,1,2,3,1,61,2,2,6,2,1,5130,24907,1,0,0,23,4,4,80,1,10,3,3,10,7,1,7,0
37,2,1373,1,2,2,4,1,4,4,1,92,2,1,2,3,2,2090,2396,6,0,1,15,3,2,80,0,7,3,3,0,0,0,0,1
33,1,1392,1,3,4,1,1,5,4,0,56,3,1,6,3,1,2909,23159,1,0,1,11,3,3,80,0,8,3,3,8,7,3,0,0
27,2,591,1,2,1,3,1,7,1,1,40,3,1,2,2,1,3468,16632,9,0,0,12,3,4,80,1,6,3,3,2,2,2,2,0
32,1,1005,1,2,2,1,1,8,4,1,79,3,1,2,4,2,3068,11864,0,0,0,13,3,3,80,0,8,2,2,7,7,3,6,0
59,2,1324,1,3,3,3,1,10,3,0,81,4,1,2,1,1,2670,9964,4,0,1,20,4,1,80,3,12,3,2,1,0,0,0,0
30,2,1358,1,24,1,1,1,11,4,1,67,3,1,2,3,0,2693,13335,1,0,0,22,4,2,80,1,1,2,3,1,0,0,0,0
38,1,216,1,23,3,1,1,12,4,1,44,2,3,4,3,2,9526,8787,0,0,0,21,4,2,80,0,10,2,3,9,7,1,8,0
36,2,1299,1,27,3,3,1,13,3,1,94,3,2,0,3,1,5237,16577,6,0,0,13,3,2,80,2,17,3,2,7,7,7,7,0
35,2,809,1,16,3,3,1,14,1,1,84,4,1,2,2,1,2426,16479,0,0,0,13,3,3,80,1,6,5,3,5,4,0,3,0
29,2,153,1,15,2,1,1,15,4,0,49,2,2,2,3,2,4193,12682,0,0,1,12,3,4,80,0,10,3,3,9,5,0,8,0
31,2,670,1,26,1,1,1,16,1,1,31,3,1,6,3,0,2911,15170,1,0,0,17,3,4,80,1,5,1,2,5,2,4,3,0
34,2,1346,1,19,2,3,1,18,2,1,93,3,1,2,4,0,2661,8758,0,0,0,11,3,3,80,1,3,2,3,2,2,1,2,0
28,2,103,1,24,3,1,1,19,3,1,50,2,1,2,3,2,2028,12947,5,0,1,14,3,2,80,0,6,4,3,4,2,0,3,1
29,2,1389,1,21,4,1,1,20,2,0,51,4,3,4,1,0,9980,10195,1,0,0,11,3,3,80,1,10,1,3,10,9,8,8,0
32,2,334,1,5,2,1,1,21,1,1,80,4,1,6,2,0,3298,15053,0,0,1,12,3,4,80,2,7,5,2,6,2,0,5,0
22,0,1123,1,16,2,3,1,22,4,1,96,4,1,2,4,0,2935,7324,1,0,1,13,3,2,80,2,1,2,2,1,0,0,0,0
53,2,1219,2,2,4,1,1,23,1,0,78,2,4,3,4,1,15427,22021,2,0,0,16,3,3,80,0,31,3,3,25,8,3,7,0
38,2,371,1,2,3,1,1,24,4,1,45,3,1,6,4,2,3944,4306,5,0,1,11,3,3,80,0,6,3,3,3,2,1,2,0
24,0,673,1,11,2,4,1,26,1,0,96,4,2,4,3,0,4011,8232,0,0,0,18,3,4,80,1,5,5,2,4,2,1,3,0
36,2,1218,2,9,4,1,1,27,3,1,82,2,1,8,1,2,3407,6986,7,0,0,23,4,2,80,0,10,4,3,5,3,0,3,1
34,2,419,1,7,4,1,1,28,1,0,53,3,3,5,2,2,11994,21293,0,0,0,11,3,3,80,0,13,4,3,12,6,2,11,0
21,2,391,1,15,2,1,1,30,3,1,96,3,1,6,4,2,1232,19281,1,0,0,14,3,4,80,0,0,6,3,0,0,0,0,0
34,2,699,1,6,1,3,1,31,2,1,83,3,1,6,1,2,2960,17102,2,0,0,11,3,3,80,0,8,2,3,4,2,1,3,1
53,2,1282,1,5,3,4,1,32,3,0,58,3,5,3,3,0,19094,10735,4,0,0,11,3,4,80,1,26,3,2,14,13,4,8,0
32,1,1125,1,16,1,1,1,33,2,0,72,1,1,6,1,2,3919,4681,1,0,1,22,4,2,80,0,10,5,3,10,2,6,7,1
42,2,691,2,8,4,2,1,35,3,1,48,3,2,7,2,1,6825,21173,0,0,0,11,3,4,80,1,10,2,3,9,7,4,2,0
44,2,477,1,7,4,3,1,36,1,0,42,2,3,0,4,1,10248,2094,3,0,0,14,3,4,80,1,24,4,3,22,6,5,17,0
46,2,705,2,2,4,2,1,38,2,0,83,3,5,3,1,2,18947,22822,3,0,0,12,3,4,80,0,22,2,2,2,2,2,1,0
33,2,924,1,2,3,3,1,39,3,1,78,3,1,2,4,2,2496,6670,4,0,0,11,3,4,80,0,7,3,3,1,1,0,0,0
44,2,1459,1,10,4,4,1,40,4,1,41,3,2,0,4,1,6465,19121,2,0,1,13,3,4,80,0,9,5,4,4,2,1,3,0
30,2,125,1,9,2,3,1,41,4,1,83,2,1,2,3,2,2206,16117,1,0,0,13,3,1,80,0,10,5,3,10,0,1,8,0
39,2,895,2,5,3,5,1,42,4,1,56,3,2,8,4,1,2086,3335,3,0,0,14,3,3,80,1,19,6,4,1,0,0,0,1
24,2,813,1,1,3,3,1,45,2,1,61,3,1,6,4,1,2293,3020,2,0,1,16,3,1,80,1,6,2,2,2,0,2,0,1
43,2,1273,1,2,2,3,1,46,4,0,72,4,1,6,3,0,2645,21923,1,0,0,12,3,4,80,2,6,3,2,5,3,1,4,0
50,2,869,2,3,2,2,1,47,1,1,86,2,1,8,3,1,2683,3810,1,0,1,14,3,3,80,0,3,2,3,3,2,0,2,1
35,2,890,2,2,3,2,1,49,4,0,97,3,1,8,4,1,2014,9687,1,0,0,13,3,1,80,0,2,3,3,2,2,2,2,0
36,2,852,1,5,4,1,1,51,2,0,82,2,1,6,1,1,3419,13072,9,0,1,14,3,4,80,1,6,3,4,1,1,0,0,0
33,1,1141,2,1,3,1,1,52,3,0,42,4,2,7,1,1,5376,3193,2,0,0,19,3,1,80,2,10,3,3,5,3,1,3,0
35,2,464,1,4,2,4,1,53,3,1,75,3,1,2,4,0,1951,10910,1,0,0,12,3,3,80,1,1,3,3,1,0,0,0,0
27,2,1240,1,2,4,1,1,54,4,0,33,3,1,2,1,0,2341,19715,1,0,0,13,3,4,80,1,1,6,3,1,0,0,0,0
26,2,1357,1,25,3,1,1,55,1,1,48,1,1,2,3,2,2293,10558,1,0,0,12,3,3,80,0,1,2,2,1,0,0,1,1
27,1,994,2,8,3,1,1,56,4,1,37,3,3,7,3,2,8726,2975,1,0,0,15,3,4,80,0,9,0,3,9,8,1,7,0
30,1,721,1,1,2,3,1,57,3,0,58,3,2,2,4,2,4011,10781,1,0,0,23,4,4,80,0,12,2,3,12,8,3,7,0
41,2,1360,1,12,3,5,1,58,2,0,49,3,5,5,3,1,19545,16280,1,0,0,12,3,4,80,0,23,0,3,22,15,15,8,1
34,0,1065,2,23,4,2,1,60,2,1,72,3,2,7,3,2,4568,10034,0,0,0,20,4,3,80,0,10,2,3,9,5,8,7,0
37,2,408,1,19,2,1,1,61,2,1,73,3,1,6,2,1,3022,10227,4,0,0,21,4,1,80,0,8,1,3,1,0,0,0,0
46,1,1211,2,5,4,2,1,62,1,1,98,3,2,7,4,2,5772,20445,4,0,1,21,4,3,80,0,14,4,3,9,6,0,8,0
35,2,1229,1,8,1,1,1,63,4,1,36,4,1,2,4,1,2269,4892,1,0,0,19,3,4,80,0,1,2,3,1,0,0,1,0
48,2,626,1,1,2,1,1,64,1,1,98,2,3,2,3,2,5381,19294,9,0,1,13,3,4,80,0,23,2,3,1,0,0,0,1
28,2,1434,1,5,4,5,1,65,3,1,50,3,1,2,3,2,3441,11179,1,0,1,13,3,3,80,0,2,3,2,2,2,2,2,1
44,2,1488,2,1,5,2,1,68,2,0,75,3,2,7,1,0,5454,4009,5,0,1,21,4,3,80,1,9,2,2,4,3,1,3,0
35,0,1097,1,11,2,3,1,70,3,1,79,2,3,0,1,1,9884,8302,2,0,1,13,3,3,80,1,10,3,3,4,0,2,3,0
26,2,1443,2,23,3,2,1,72,3,0,47,2,2,7,4,1,4157,21436,7,0,1,19,3,3,80,1,5,2,2,2,2,0,0,0
33,1,515,1,1,2,1,1,73,1,0,98,3,3,5,4,2,13458,15146,1,0,1,12,3,3,80,0,15,1,3,15,14,8,12,0
35,1,853,2,18,5,1,1,74,2,1,71,3,3,7,1,1,9069,11031,1,0,0,22,4,4,80,1,9,3,2,9,8,1,8,0
35,2,1142,1,23,4,3,1,75,3,0,30,3,1,2,1,1,4014,16002,3,0,1,15,3,3,80,1,4,3,3,2,2,2,2,0
31,2,655,1,7,4,1,1,76,4,1,48,3,2,2,4,0,5915,9528,3,0,0,22,4,4,80,1,10,3,2,7,7,1,7,0
37,2,1115,1,1,4,1,1,77,1,1,51,2,2,4,3,0,5993,2689,1,0,0,18,3,3,80,1,7,2,4,7,5,0,7,0
32,2,427,1,1,3,3,1,78,1,1,33,3,2,4,4,1,6162,10877,1,0,1,22,4,2,80,1,9,3,3,9,8,7,8,0
38,1,653,1,29,5,1,1,79,4,0,50,3,2,2,4,2,2406,5456,1,0,0,11,3,4,80,0,10,2,3,10,3,9,9,0
50,2,989,1,7,2,3,1,80,2,0,43,2,5,5,3,0,18740,16701,5,0,1,12,3,4,80,1,29,2,2,27,3,13,8,0
59,2,1435,2,25,3,1,1,81,1,0,99,3,3,7,1,2,7637,2354,7,0,0,11,3,4,80,0,28,3,2,21,16,7,9,0
36,2,1223,1,8,3,5,1,83,3,0,59,3,3,0,3,0,10096,8202,1,0,0,13,3,2,80,3,17,2,3,17,14,12,8,0
55,2,836,1,8,3,3,1,84,4,0,33,3,4,3,3,0,14756,19730,2,0,1,14,3,3,80,3,21,2,3,5,0,0,2,0
36,1,1195,1,11,3,1,1,85,2,1,95,2,2,4,2,2,6499,22656,1,0,0,13,3,3,80,0,6,3,3,6,5,0,3,0
45,2,1339,1,7,3,1,1,86,2,1,59,3,3,6,1,0,9724,18787,2,0,0,17,3,3,80,1,25,2,3,1,0,0,0,0
35,1,664,1,1,3,3,1,88,2,1,79,3,1,6,1,1,2194,5868,4,0,0,13,3,4,80,1,5,2,2,3,2,1,2,0
36,2,318,1,9,3,3,1,90,4,1,79,2,1,6,3,1,3388,21777,0,0,1,17,3,1,80,1,2,0,2,1,0,0,0,1
59,1,1225,2,1,1,1,1,91,1,0,57,2,2,7,3,2,5473,24668,7,0,0,11,3,4,80,0,20,2,2,4,3,1,3,0
29,2,1328,1,2,3,1,1,94,3,1,76,3,1,6,2,1,2703,4956,0,0,0,23,4,4,80,1,6,3,3,5,4,0,4,0
31,2,1082,1,1,4,3,1,95,3,1,87,3,1,6,2,2,2501,18775,1,0,0,17,3,2,80,0,1,4,3,1,1,1,0,0
32,2,548,1,1,3,1,1,96,2,1,66,3,2,6,2,1,6220,7346,1,0,0,17,3,2,80,2,10,3,3,10,4,0,9,0
36,2,132,1,6,3,1,1,97,2,0,55,4,1,2,4,1,3038,22002,3,0,0,12,3,2,80,0,5,3,3,1,0,0,0,0
31,2,746,1,8,4,1,1,98,3,0,61,3,2,4,4,2,4424,20682,1,0,0,23,4,4,80,0,11,2,3,11,7,1,8,0
35,2,776,2,1,4,2,1,100,3,1,32,2,2,7,1,2,4312,23016,0,0,0,14,3,2,80,0,16,2,3,15,13,2,8,0
45,2,193,1,6,4,4,1,101,4,1,52,3,3,5,1,1,13245,15067,4,0,1,14,3,2,80,0,17,3,4,0,0,0,0,0
37,2,397,1,7,4,3,1,102,1,1,30,3,3,5,3,2,13664,25258,4,0,0,13,3,1,80,0,16,3,4,5,2,0,2,0
46,2,945,0,5,2,3,1,103,2,1,80,3,2,1,2,0,5021,10425,8,0,1,22,4,4,80,1,16,2,3,4,2,0,2,0
30,2,852,1,1,1,1,1,104,4,1,55,2,2,2,4,1,5126,15998,1,0,1,12,3,3,80,2,10,1,2,10,8,3,0,0
35,2,1214,1,1,3,3,1,105,2,1,30,2,1,6,3,2,2859,26278,1,0,0,18,3,1,80,0,6,3,3,6,4,0,4,0
55,2,111,2,1,2,1,1,106,1,1,70,3,3,7,4,1,10239,18092,3,0,0,14,3,4,80,1,24,4,3,1,0,1,0,0
38,0,573,1,6,3,3,1,107,2,0,79,1,2,6,4,0,5329,15717,7,0,1,12,3,4,80,3,17,3,3,13,11,1,9,0
34,2,1153,1,1,2,3,1,110,1,1,94,3,2,4,2,1,4325,17736,1,0,0,15,3,3,80,0,5,2,3,5,2,1,3,0
56,2,1400,1,7,3,1,1,112,4,1,49,1,3,4,4,2,7260,21698,4,0,0,11,3,1,80,0,37,3,2,6,4,0,2,0
23,2,541,2,2,1,5,1,113,3,1,62,3,1,8,1,0,2322,9518,3,0,0,13,3,3,80,1,3,3,3,0,0,0,0,0
51,2,432,1,9,4,1,1,116,4,1,96,3,1,2,4,1,2075,18725,3,0,0,23,4,2,80,2,10,4,3,4,2,0,3,0
30,2,288,1,2,3,1,1,117,3,1,99,2,2,0,4,1,4152,15830,1,0,0,19,3,1,80,3,11,3,3,11,10,10,8,0
46,2,669,2,9,2,3,1,118,3,1,64,2,3,7,4,2,9619,13596,1,0,0,16,3,4,80,0,9,3,3,9,8,4,7,1
40,1,530,1,1,4,1,1,119,3,1,78,2,4,0,2,1,13503,14115,1,0,0,22,4,4,80,1,22,3,2,22,3,11,11,0
51,2,632,2,21,4,2,1,120,3,1,71,3,2,7,4,2,5441,8423,0,0,1,22,4,4,80,0,11,2,1,10,7,1,0,0
30,2,1334,2,4,2,3,1,121,3,0,63,2,2,7,2,0,5209,19760,1,0,1,12,3,2,80,3,11,4,2,11,8,2,7,0
46,1,638,1,1,3,3,1,124,3,1,40,2,3,0,1,1,10673,3142,2,0,1,13,3,3,80,1,21,5,2,10,9,9,5,0
32,2,1093,2,6,4,3,1,125,2,1,87,3,2,7,3,2,5010,24301,1,0,0,16,3,1,80,0,12,0,3,11,8,5,7,0
54,2,1217,1,2,4,5,1,126,1,0,60,3,3,5,3,1,13549,24001,9,0,0,12,3,1,80,1,16,5,1,4,3,0,3,0
24,2,1353,2,3,2,4,1,128,1,0,33,3,2,7,3,1,4999,17519,0,0,0,21,4,1,80,1,4,2,2,3,2,0,2,0
28,0,120,2,4,3,3,1,129,2,1,43,3,2,7,3,1,4221,8863,1,0,0,15,3,2,80,0,5,3,4,5,4,0,4,0
58,2,682,2,10,4,3,1,131,4,1,37,3,4,7,3,2,13872,24409,0,0,0,13,3,3,80,0,38,1,2,37,10,1,8,0
44,0,489,1,23,3,3,1,132,2,1,67,3,2,2,2,1,2042,25043,4,0,0,12,3,3,80,1,17,3,4,3,2,1,2,0
37,2,807,0,6,4,0,1,133,3,1,63,3,1,1,1,0,2073,23648,4,0,1,22,4,4,80,0,7,3,3,3,2,0,2,1
32,2,827,1,1,1,1,1,134,4,1,71,3,1,6,1,2,2956,15178,1,0,0,13,3,4,80,0,1,2,3,1,0,0,0,0
20,1,871,1,6,3,1,1,137,4,0,66,2,1,2,4,2,2926,19783,1,0,1,18,3,2,80,0,1,5,3,1,0,1,0,1
34,2,665,1,6,4,4,1,138,1,0,41,3,2,6,3,2,4809,12482,1,0,0,14,3,3,80,0,16,3,3,16,13,2,10,0
37,0,1040,1,2,2,1,1,139,3,1,100,2,2,0,4,0,5163,15850,5,0,0,14,3,4,80,1,17,2,4,1,0,0,0,0
59,0,1420,0,2,4,0,1,140,3,0,32,2,5,3,4,1,18844,21922,9,0,0,21,4,4,80,1,30,3,3,3,2,2,2,0
50,1,1115,1,1,3,1,1,141,1,0,73,3,5,5,2,1,18172,9755,3,0,1,19,3,1,80,0,28,1,2,8,3,0,7,0
25,2,240,2,5,3,2,1,142,3,1,46,2,2,7,3,2,5744,26959,1,0,1,11,3,4,80,0,6,1,3,6,4,0,3,1
25,2,1280,1,7,1,3,1,143,4,1,64,2,1,6,4,1,2889,26897,1,0,0,11,3,3,80,2,2,2,3,2,2,2,1,0
22,2,534,1,15,3,3,1,144,2,0,59,3,1,2,4,2,2871,23785,1,0,0,15,3,3,80,0,1,5,3,0,0,0,0,0
51,1,1456,1,1,4,3,1,145,1,0,30,2,3,0,1,2,7484,25796,3,0,0,20,4,3,80,0,23,1,2,13,12,12,8,0
34,1,658,1,7,3,1,1,147,1,1,66,1,2,2,3,2,6074,22887,1,0,1,24,4,4,80,0,9,3,3,9,7,0,6,1
54,0,142,0,26,3,0,1,148,4,0,30,4,4,3,4,2,17328,13871,2,0,1,12,3,3,80,0,23,3,3,5,3,4,4,0
24,2,1127,1,18,1,1,1,150,2,1,52,3,1,2,3,1,2774,13257,0,0,0,12,3,3,80,1,6,2,3,5,3,1,2,0
34,2,1031,1,6,4,1,1,151,3,0,45,2,2,6,2,0,4505,15000,6,0,0,15,3,3,80,1,12,3,3,1,0,0,0,0
37,2,1189,2,3,3,1,1,152,3,1,87,3,3,7,4,2,7428,14506,2,0,0,12,3,1,80,0,12,3,3,5,3,1,3,0
34,2,1354,1,5,3,3,1,153,3,0,45,2,3,3,1,2,11631,5615,2,0,0,12,3,4,80,0,14,6,3,11,10,5,8,0
36,1,1467,2,11,2,5,1,154,2,0,92,3,3,7,4,1,9738,22952,0,0,0,14,3,3,80,1,10,6,3,9,7,2,8,0
36,2,922,1,3,2,1,1,155,1,0,39,3,1,2,4,0,2835,2561,5,0,0,22,4,1,80,1,7,2,3,1,0,0,0,0
43,1,394,2,26,2,1,1,158,3,1,92,3,4,3,4,1,16959,19494,1,0,1,12,3,4,80,2,25,3,4,25,12,4,12,0
30,1,1312,1,23,3,1,1,159,1,1,96,1,1,6,3,0,2613,22310,1,0,0,25,4,3,80,3,10,2,2,10,7,0,9,0
33,0,750,2,22,2,2,1,160,3,1,95,3,2,7,2,1,6146,15480,0,0,0,13,3,1,80,1,8,2,4,7,7,0,7,0
56,2,441,1,14,4,1,1,161,2,0,72,3,1,6,2,1,4963,4510,9,0,1,18,3,1,80,3,7,2,3,5,4,4,3,1
51,2,684,1,6,3,1,1,162,1,1,51,3,5,5,3,2,19537,6462,7,0,0,13,3,3,80,0,23,5,3,20,18,15,15,0
31,2,249,2,6,4,1,1,163,2,1,76,1,2,7,3,1,6172,20739,4,0,1,18,3,2,80,0,12,3,2,7,7,7,7,1
26,2,841,1,6,3,4,1,164,3,0,46,2,1,6,2,1,2368,23300,1,0,0,19,3,3,80,0,5,3,2,5,4,4,3,0
58,2,147,1,23,4,3,1,165,4,0,94,3,3,0,4,1,10312,3465,1,0,0,12,3,4,80,1,40,3,2,40,10,15,6,1
19,2,528,2,22,1,2,1,167,4,1,50,3,1,8,3,2,1675,26820,1,0,1,19,3,4,80,0,0,2,2,0,0,0,0,1
22,2,594,1,2,1,5,1,169,3,1,100,3,1,2,4,1,2523,19299,0,0,0,14,3,3,80,1,3,2,3,2,1,2,1,0
49,2,470,1,20,4,3,1,170,3,0,96,3,2,4,1,1,6567,5549,1,0,0,14,3,3,80,0,16,2,2,15,11,5,11,0
43,1,957,1,28,3,3,1,171,2,0,72,4,1,6,3,2,4739,16090,4,0,0,12,3,4,80,0,18,2,3,3,2,1,2,0
50,1,809,2,12,3,2,1,174,3,0,77,3,3,7,4,2,9208,6645,4,0,0,11,3,4,80,0,16,3,3,2,2,2,1,0
31,2,542,2,20,3,1,1,175,2,0,71,1,2,7,3,1,4559,24788,3,0,1,11,3,3,80,1,4,2,3,2,2,2,2,1
41,2,802,2,9,1,1,1,176,3,1,96,3,3,7,3,0,8189,21196,3,0,1,13,3,3,80,1,12,2,3,9,7,0,7,0
26,2,1355,0,25,1,1,1,177,3,0,61,3,1,1,3,1,2942,8916,1,0,0,23,4,4,80,1,8,3,3,8,7,5,7,0
36,2,216,1,6,2,3,1,178,2,1,84,3,2,4,2,0,4941,2819,6,0,0,20,4,4,80,2,7,0,3,3,2,0,1,0
51,1,1150,1,8,4,1,1,179,1,1,53,1,3,4,4,2,10650,25150,2,0,0,15,3,4,80,0,18,2,3,4,2,0,3,1
39,2,1329,2,4,4,1,1,182,4,0,47,2,2,7,3,1,5902,14590,4,0,0,14,3,3,80,1,17,1,4,15,11,5,9,0
25,2,959,2,28,3,1,1,183,1,1,41,2,2,7,3,1,8639,24835,2,0,0,18,3,4,80,0,6,3,3,2,2,2,2,0
30,2,1240,0,9,3,0,1,184,3,1,48,3,2,1,4,1,6347,13982,0,0,1,19,3,4,80,0,12,2,1,11,9,4,7,0
32,2,1033,1,9,3,3,1,190,1,0,41,3,1,2,1,2,4200,10224,7,0,0,22,4,1,80,0,10,2,4,5,4,0,4,1
45,2,1316,1,29,3,3,1,192,3,1,83,3,1,6,4,2,3452,9752,5,0,0,13,3,2,80,0,9,2,2,6,5,0,3,0
38,2,364,1,3,5,5,1,193,4,0,32,3,2,6,3,2,4317,2302,3,0,1,20,4,2,80,0,19,2,3,3,2,2,2,0
30,2,438,1,18,3,1,1,194,1,0,75,3,1,6,3,2,2632,23910,1,0,0,14,3,3,80,0,5,4,2,5,4,0,4,0
32,1,689,2,9,2,3,1,195,4,1,35,1,2,7,4,0,4668,22812,0,0,0,17,3,4,80,3,9,2,4,8,7,0,7,0
30,2,201,1,5,3,5,1,197,4,0,84,3,1,6,1,0,3204,10415,5,0,0,14,3,4,80,1,8,3,3,3,2,2,2,0
30,2,1427,1,2,1,3,1,198,2,1,35,2,1,2,4,2,2720,11162,0,0,0,13,3,4,80,0,6,3,3,5,3,1,2,0
41,1,857,1,10,3,1,1,199,4,1,91,2,4,3,1,0,17181,12888,4,0,0,13,3,2,80,1,21,2,2,7,6,7,7,0
41,2,933,1,9,4,1,1,200,3,1,94,3,1,2,1,1,2238,6961,2,0,0,21,4,4,80,1,7,2,3,5,0,1,4,0
19,2,1181,1,3,1,3,1,201,2,0,79,3,1,2,2,2,1483,16102,1,0,0,14,3,4,80,0,1,3,3,1,0,0,0,0
40,1,1395,1,26,3,3,1,202,2,0,54,3,2,6,2,0,5605,8504,1,0,0,11,3,1,80,1,20,2,3,20,7,2,13,0
35,2,662,2,1,5,2,1,204,3,1,94,3,3,7,2,1,7295,11439,1,0,0,13,3,1,80,2,10,3,3,10,8,0,6,0
53,2,1436,2,6,2,2,1,205,2,1,34,3,2,8,3,1,2306,16047,2,0,1,20,4,4,80,1,13,3,1,7,7,4,5,0
45,2,194,1,9,3,1,1,206,2,1,60,3,2,2,2,0,2348,10901,8,0,0,18,3,3,80,1,20,2,1,17,9,0,15,0
32,1,967,2,8,3,2,1,207,2,0,43,3,3,7,4,2,8998,15589,1,0,0,14,3,4,80,0,9,2,3,9,8,3,7,0
29,0,1496,1,1,1,5,1,208,4,1,41,3,2,4,3,1,4319,26283,1,0,0,13,3,1,80,1,10,1,3,10,7,0,9,0
51,2,1169,1,7,4,3,1,211,2,1,34,2,2,4,3,1,6132,13983,2,0,0,17,3,3,80,0,10,2,3,1,0,0,0,0
58,2,1145,1,9,3,3,1,214,2,0,75,2,1,6,2,1,3346,11873,4,0,1,20,4,2,80,1,9,3,2,1,0,0,0,0
40,2,630,2,4,4,2,1,215,3,1,67,2,3,7,4,1,10855,8552,7,0,0,11,3,1,80,1,15,2,2,12,11,2,11,0
34,1,303,2,2,4,2,1,216,3,0,75,3,1,8,3,1,2231,11314,6,0,0,18,3,4,80,1,6,3,3,4,3,1,2,0
22,2,1256,1,19,1,3,1,217,3,1,80,3,1,6,4,1,2323,11992,1,0,0,24,4,1,80,2,2,6,3,2,2,2,2,0
27,0,691,1,9,3,3,1,218,4,1,57,3,1,6,2,0,2024,5970,6,0,0,18,3,4,80,1,6,1,1,2,2,2,2,0
28,2,440,1,21,3,3,1,221,3,1,42,3,1,6,4,1,2713,6672,1,0,0,11,3,3,80,1,5,2,1,5,2,0,2,0
57,2,334,1,24,2,1,1,223,3,1,83,4,3,0,4,0,9439,23402,3,0,1,16,3,2,80,1,12,2,1,5,3,1,4,0
27,0,1450,1,3,3,3,1,224,3,1,79,2,1,6,3,0,2566,25326,1,0,1,15,3,4,80,1,1,2,2,1,1,0,1,0
50,2,1452,1,11,3,1,1,226,3,0,53,3,5,3,2,2,19926,17053,3,0,0,15,3,2,80,0,21,5,3,5,4,4,4,0
41,2,465,1,14,3,1,1,227,1,1,56,3,1,6,3,0,2451,4609,4,0,0,12,3,1,80,1,13,2,3,9,8,1,8,0
30,2,1339,2,5,3,1,1,228,2,0,41,3,3,7,4,1,9419,8053,2,0,0,12,3,3,80,1,12,2,3,10,9,7,4,0
38,2,702,2,1,4,1,1,230,1,0,59,2,2,7,4,2,8686,12930,4,0,0,22,4,3,80,0,12,2,4,8,3,0,7,0
32,2,120,1,6,5,1,1,231,3,1,43,3,1,6,3,2,3038,12430,3,0,0,20,4,1,80,0,8,2,3,5,4,1,4,0
27,2,1157,1,17,3,5,1,233,3,1,51,3,1,6,2,1,3058,13364,0,0,1,16,3,4,80,1,6,3,2,5,2,1,1,0
19,1,602,2,1,1,5,1,235,3,0,100,1,1,8,1,2,2325,20989,0,0,0,21,4,1,80,0,1,5,4,0,0,0,0,1
36,1,1480,1,3,2,3,1,238,4,1,30,3,1,2,2,2,2088,15062,4,0,0,12,3,3,80,0,13,3,2,8,7,7,2,0
30,0,111,1,9,3,3,1,239,3,1,66,3,2,2,1,0,3072,11012,1,0,0,11,3,3,80,2,12,4,3,12,9,6,10,0
45,2,1268,2,4,2,1,1,240,3,0,30,3,2,7,1,0,5006,6319,4,0,1,11,3,1,80,1,9,3,4,5,4,0,3,0
56,2,713,1,8,3,1,1,241,3,0,67,3,1,6,1,0,4257,13939,4,0,1,18,3,3,80,1,19,3,3,2,2,2,2,0
33,2,134,1,2,3,1,1,242,3,1,90,3,1,6,4,2,2500,10515,0,0,0,14,3,1,80,0,4,2,4,3,1,0,2,0
19,2,303,1,2,3,1,1,243,2,1,47,2,1,2,4,2,1102,9241,1,0,0,22,4,3,80,0,1,3,2,1,0,1,0,1
46,2,526,2,1,2,2,1,244,2,0,92,3,3,7,1,0,10453,2137,1,0,0,25,4,3,80,3,24,2,3,24,13,15,7,0
38,2,1380,1,9,2,1,1,245,3,0,75,3,1,2,4,2,2288,6319,1,0,0,12,3,3,80,0,2,3,3,2,2,2,1,0
31,2,140,1,12,1,3,1,246,3,0,95,3,1,6,4,1,3929,6984,8,0,1,23,4,3,80,1,7,0,3,4,2,0,2,0
34,2,629,1,27,2,3,1,247,4,0,95,3,1,6,2,2,2311,5711,2,0,0,15,3,4,80,0,9,3,3,3,2,1,2,0
41,2,1356,2,20,2,2,1,248,2,0,70,3,1,8,2,2,3140,21728,1,0,1,22,4,4,80,0,4,5,2,4,3,0,2,1
50,2,328,1,1,3,3,1,249,3,1,86,2,1,2,3,1,3690,3425,2,0,0,15,3,4,80,1,5,2,2,3,2,0,2,0
53,2,1084,1,13,2,3,1,250,4,0,57,4,2,4,1,0,4450,26250,1,0,0,11,3,3,80,2,5,3,3,4,2,1,3,0
33,2,931,1,14,3,3,1,252,4,0,72,3,1,6,2,1,2756,4673,1,0,0,13,3,4,80,1,8,5,3,8,7,1,6,0
40,2,989,1,4,1,3,1,253,4,0,46,3,5,3,3,1,19033,6499,1,0,0,14,3,2,80,1,21,2,3,20,8,9,9,0
55,2,692,1,14,4,3,1,254,3,1,61,4,5,5,2,2,18722,13339,8,0,0,11,3,4,80,0,36,3,3,24,15,2,15,0
34,1,1069,1,2,1,1,1,256,4,1,45,2,2,4,3,1,9547,14074,1,0,0,17,3,3,80,0,10,2,2,10,9,1,9,0
51,2,313,1,3,3,3,1,258,4,0,98,3,4,0,2,2,13734,7192,3,0,0,18,3,3,80,0,21,6,3,7,7,1,0,0
52,2,699,1,1,4,1,1,259,3,1,65,2,5,3,3,1,19999,5678,0,0,0,14,3,1,80,1,34,5,3,33,18,11,9,0
27,2,894,1,9,3,3,1,260,4,0,99,3,1,6,2,2,2279,11781,1,0,0,16,3,4,80,0,7,2,2,7,7,0,3,0
35,2,556,1,23,2,1,1,261,2,1,50,2,2,4,3,1,5916,15497,3,0,1,13,3,1,80,0,8,1,3,1,0,0,1,1
43,0,1344,1,7,3,3,1,262,4,1,37,4,1,6,4,0,2089,5228,4,0,0,14,3,4,80,3,7,3,4,5,4,2,2,0
45,0,1195,1,2,2,3,1,264,1,1,65,2,4,3,4,1,16792,20462,9,0,0,23,4,4,80,1,22,1,3,20,8,11,8,0
37,2,290,1,21,3,1,1,267,2,1,65,4,1,6,1,1,3564,22977,1,0,1,12,3,1,80,1,8,3,2,8,7,1,7,0
35,1,138,1,2,3,3,1,269,2,0,37,3,2,2,2,2,4425,15986,5,0,0,11,3,4,80,0,10,5,3,6,2,1,2,0
42,0,926,1,21,2,3,1,270,3,0,36,3,2,4,3,0,5265,16439,2,0,0,16,3,2,80,1,11,5,3,5,3,0,2,0
38,2,1261,1,2,4,1,1,271,4,1,88,3,2,4,3,1,6553,7259,9,0,0,14,3,2,80,0,14,3,3,1,0,0,0,0
38,2,1084,1,29,3,5,1,273,4,1,54,3,2,4,4,1,6261,4185,3,0,0,18,3,1,80,1,9,3,1,7,7,1,7,0
27,1,472,1,1,1,5,1,274,3,1,60,2,2,4,1,1,4298,9679,5,0,0,19,3,3,80,1,6,1,3,2,2,2,0,0
49,0,1002,1,18,4,1,1,275,4,1,92,3,2,4,4,0,6804,23793,1,0,1,15,3,1,80,2,7,0,3,7,7,1,7,0
34,1,878,1,10,4,3,1,277,4,1,43,3,1,6,3,0,3815,5972,1,0,1,17,3,4,80,1,5,4,4,5,3,2,0,0
40,2,905,1,19,2,3,1,281,3,1,99,3,2,2,4,1,2741,16523,8,0,1,15,3,3,80,1,15,2,4,7,2,3,7,0
38,2,1180,1,29,1,3,1,282,2,1,70,3,2,0,1,1,6673,11354,7,0,1,19,3,2,80,0,17,2,3,1,0,0,0,1
29,2,121,2,27,3,2,1,283,2,0,35,3,3,7,4,1,7639,24525,1,0,0,22,4,4,80,3,10,3,2,10,4,1,9,1
22,2,1136,1,5,3,1,1,284,4,1,60,4,1,6,2,0,2328,12392,1,0,1,16,3,1,80,1,4,2,2,4,2,2,2,0
36,1,635,1,18,1,3,1,286,2,0,73,3,1,2,4,2,2153,7703,1,0,0,13,3,1,80,0,8,2,3,8,1,1,7,0
40,0,1151,1,9,5,1,1,287,4,1,63,2,2,0,4,1,4876,14242,9,0,0,14,3,4,80,1,5,5,1,3,2,0,2,0
46,2,644,1,1,4,3,1,288,4,1,97,3,3,0,1,0,9396,12368,7,0,0,16,3,3,80,1,17,3,3,4,2,0,3,0
32,2,1045,2,4,4,3,1,291,4,1,32,1,3,7,4,1,10400,25812,1,0,0,11,3,3,80,0,14,2,2,14,8,9,8,1
30,0,829,1,1,1,1,1,292,3,1,88,2,3,4,3,2,8474,20925,1,0,0,22,4,3,80,0,12,2,3,11,8,5,8,0
27,1,1242,2,20,3,1,1,293,4,0,90,3,2,7,3,2,9981,12916,1,0,0,14,3,4,80,0,7,2,3,7,7,0,7,0
51,2,1469,1,8,4,1,1,296,2,1,81,2,3,5,2,1,12490,15736,5,0,0,16,3,4,80,2,16,5,1,10,9,4,7,0
30,2,1005,1,3,3,5,1,297,4,0,88,3,1,6,1,2,2657,8556,5,0,1,11,3,3,80,0,8,5,3,5,2,0,4,1
41,2,896,2,6,3,1,1,298,4,0,75,3,3,3,4,2,13591,14674,3,0,1,18,3,3,80,0,16,3,3,1,0,0,0,0
30,1,334,2,26,4,2,1,299,3,0,52,2,2,7,1,2,6696,22967,5,0,0,15,3,3,80,0,9,5,2,6,3,0,1,1
29,2,992,1,1,3,5,1,300,3,1,85,3,1,6,3,2,2058,19757,0,0,0,14,3,4,80,0,7,1,2,6,2,1,5,1
45,0,1052,2,6,3,3,1,302,4,0,57,2,3,7,4,2,8865,16840,6,0,0,12,3,4,80,0,23,2,3,19,7,12,8,0
54,2,1147,2,3,3,2,1,303,4,0,52,3,2,7,1,1,5940,17011,2,0,0,14,3,4,80,1,16,4,3,6,2,0,5,0
36,2,1396,1,5,2,1,1,304,4,1,62,3,2,2,2,2,5914,9945,8,0,0,16,3,4,80,0,16,3,4,13,11,3,7,0
33,2,147,1,4,4,3,1,305,3,0,47,2,1,6,2,1,2622,13248,6,0,0,21,4,4,80,0,7,3,3,3,2,1,1,0
37,1,663,1,11,3,4,1,306,2,1,47,3,3,5,4,0,12185,10056,1,0,1,14,3,3,80,3,10,1,3,10,8,0,7,0
38,2,119,2,3,3,1,1,307,1,1,76,3,3,7,3,0,10609,9647,0,0,0,12,3,3,80,2,17,6,2,16,10,5,13,0
31,0,979,1,1,4,3,1,308,3,1,90,1,2,4,3,1,4345,4381,0,0,0,12,3,4,80,1,6,2,3,5,4,1,4,0
59,2,142,1,3,3,1,1,309,3,1,70,2,1,6,4,1,2177,8456,3,0,0,17,3,1,80,1,7,6,3,1,0,0,0,0
37,1,319,2,4,4,2,1,311,1,1,41,3,1,8,4,0,2793,2539,4,0,0,17,3,3,80,1,13,2,3,9,8,5,8,0
29,1,1413,2,1,1,3,1,312,2,0,42,3,3,7,4,1,7918,6599,1,0,0,14,3,4,80,1,11,5,3,11,10,4,1,0
35,1,944,2,1,3,2,1,314,3,0,92,3,3,7,3,2,8789,9096,1,0,0,14,3,1,80,0,10,3,4,10,7,0,8,0
29,2,896,1,18,1,3,1,315,3,1,86,2,1,6,4,2,2389,14961,1,0,1,13,3,3,80,0,4,3,2,4,3,0,1,1
52,2,1323,1,2,3,1,1,316,3,0,89,2,1,2,4,2,3212,3300,7,0,0,15,3,2,80,0,6,3,2,2,2,2,2,0
42,2,532,1,4,2,5,1,319,3,1,58,3,5,3,4,1,19232,4933,1,0,0,11,3,4,80,0,22,3,3,22,17,11,15,0
59,2,818,0,6,2,3,1,321,2,1,52,3,1,1,3,1,2267,25657,8,0,0,17,3,4,80,0,7,2,2,2,2,2,2,0
50,2,854,2,1,4,3,1,323,4,0,68,3,5,3,4,0,19517,24118,3,0,0,11,3,3,80,1,32,3,2,7,0,0,6,0
33,2,813,1,14,3,3,1,325,3,1,58,3,1,2,4,1,2436,22149,5,0,1,13,3,3,80,1,8,2,1,5,4,0,4,1
43,2,1034,2,16,3,2,1,327,4,0,80,3,4,3,4,1,16064,7744,5,0,1,22,4,3,80,1,22,3,3,17,13,1,9,0
33,2,465,1,2,2,1,1,328,1,0,39,3,1,2,1,1,2707,21509,7,0,0,20,4,1,80,0,13,3,4,9,7,1,7,1
52,0,771,2,2,4,1,1,329,1,1,79,2,5,3,3,2,19068,21030,1,0,1,18,3,4,80,0,33,2,4,33,7,15,12,0
32,2,1401,2,4,2,1,1,330,3,0,56,3,1,8,2,1,3931,20990,2,0,0,11,3,1,80,1,6,5,3,4,3,1,2,0
32,2,515,1,1,3,1,1,331,4,1,62,2,1,2,3,2,3730,9571,0,0,1,14,3,4,80,0,4,2,1,3,2,1,2,1
39,2,1431,1,1,4,3,1,332,3,0,96,3,1,2,3,0,2232,15417,7,0,0,14,3,3,80,3,7,1,3,3,2,1,2,0
32,0,976,2,26,4,2,1,333,3,1,100,3,2,7,4,1,4465,12069,0,0,0,18,3,1,80,0,4,2,3,3,2,2,2,0
41,2,1411,1,19,2,1,1,334,3,1,36,3,2,6,1,0,3072,19877,2,0,0,16,3,1,80,2,17,2,2,1,0,0,0,0
40,2,1300,1,24,2,5,1,335,1,1,62,3,2,6,4,0,3319,24447,1,0,0,17,3,1,80,2,9,3,3,9,8,4,7,0
45,2,252,1,1,3,4,1,336,3,1,70,4,5,3,4,1,19202,15970,0,0,0,11,3,3,80,1,25,2,3,24,0,1,7,0
31,1,1327,1,3,4,3,1,337,2,1,73,3,3,5,3,0,13675,13523,9,0,0,12,3,1,80,1,9,3,3,2,2,2,2,0
33,2,832,1,5,4,1,1,338,3,0,63,2,1,6,4,1,2911,14776,1,0,0,13,3,3,80,1,2,2,2,2,2,0,2,0
34,2,470,1,2,4,1,1,339,4,1,84,2,2,4,1,1,5957,23687,6,0,0,13,3,2,80,1,13,3,3,11,9,5,9,0
37,2,1017,1,1,2,3,1,340,3,0,83,2,1,6,1,1,3920,18697,2,0,0,14,3,1,80,1,17,2,2,3,1,0,2,0
45,1,1199,1,7,4,1,1,341,1,1,77,4,2,4,3,1,6434,5118,4,0,0,17,3,4,80,1,9,1,3,3,2,0,2,0
37,1,504,1,10,3,3,1,342,1,1,61,3,3,4,3,0,10048,22573,6,0,0,11,3,2,80,2,17,5,3,1,0,0,0,1
39,1,505,1,2,4,5,1,343,3,0,64,3,3,0,3,2,10938,6420,0,0,0,25,4,4,80,0,20,1,3,19,6,11,8,0
29,2,665,1,15,3,1,1,346,3,1,60,3,1,6,4,2,2340,22673,1,0,0,19,3,1,80,0,6,1,3,6,5,1,5,0
42,2,916,1,17,2,1,1,347,4,0,82,4,2,6,1,2,6545,23016,3,0,1,13,3,3,80,0,10,1,3,3,2,0,2,0
29,2,1247,2,20,2,2,1,349,4,1,45,3,2,7,4,0,6931,10732,2,0,0,14,3,4,80,1,10,2,3,3,2,0,2,0
25,2,685,1,1,3,1,1,350,1,0,62,3,2,4,3,1,4898,7505,0,0,0,12,3,4,80,2,5,3,3,4,2,1,2,0
42,2,269,1,2,3,3,1,351,4,0,56,2,1,2,1,0,2593,8007,0,0,1,11,3,3,80,1,10,4,3,9,6,7,8,0
40,2,1416,1,2,2,3,1,352,1,1,49,3,5,5,3,0,19436,5949,0,0,0,19,3,4,80,1,22,5,3,21,7,3,9,0
51,2,833,1,1,3,1,1,353,3,1,96,3,1,6,4,1,2723,23231,1,0,0,11,3,2,80,0,1,0,2,1,0,0,0,0
31,1,307,1,29,2,3,1,355,3,1,71,2,1,2,2,2,3479,11652,0,0,0,11,3,2,80,0,6,2,4,5,4,1,4,1
32,1,1311,1,7,3,1,1,359,2,1,100,4,1,2,2,1,2794,26062,1,0,0,20,4,3,80,0,5,3,1,5,1,0,3,0
38,0,1327,2,2,2,1,1,361,4,1,39,2,2,7,4,1,5249,19682,3,0,0,18,3,4,80,1,13,0,3,8,7,7,5,0
32,2,128,1,2,1,5,1,362,4,1,84,2,2,2,1,2,2176,19737,4,0,0,13,3,4,80,0,9,5,3,6,2,0,4,0
46,2,488,2,2,3,5,1,363,3,0,75,1,4,3,2,1,16872,14977,3,0,1,12,3,2,80,1,28,2,2,7,7,7,7,0
28,2,529,1,2,4,1,1,364,1,1,79,3,1,2,3,2,3485,14935,2,0,0,11,3,3,80,0,5,5,1,0,0,0,0,1
29,2,1210,2,2,3,3,1,366,1,1,78,2,2,7,2,1,6644,3687,2,0,0,19,3,2,80,2,10,2,3,0,0,0,0,0
31,2,1463,1,23,3,3,1,367,2,1,64,2,2,0,4,1,5582,14408,0,0,0,21,4,2,80,1,10,2,3,9,0,7,8,0
25,0,675,1,5,2,1,1,369,2,1,85,4,2,0,1,0,4000,18384,1,0,0,12,3,4,80,2,6,2,3,6,3,1,5,0
45,2,1385,1,20,2,3,1,372,3,1,79,3,4,0,4,1,13496,7501,0,0,1,14,3,2,80,0,21,2,3,20,7,4,10,0
36,2,1403,1,6,3,1,1,373,4,1,47,3,1,2,4,1,3210,20251,0,0,0,11,3,3,80,1,16,4,3,15,13,10,11,0
55,2,452,1,1,3,3,1,374,4,1,81,3,5,3,1,2,19045,18938,0,0,1,14,3,3,80,0,37,2,3,36,10,4,13,0
47,0,666,1,29,4,1,1,376,1,1,88,3,3,3,2,1,11849,10268,1,0,1,12,3,4,80,1,10,2,2,10,7,9,9,1
28,2,1158,1,9,3,3,1,377,4,1,94,3,1,6,4,1,2070,2613,1,0,0,23,4,4,80,1,5,3,2,5,2,0,4,0
37,2,228,2,6,4,3,1,378,3,1,98,3,2,7,4,1,6502,22825,4,0,0,14,3,2,80,1,7,5,4,5,4,0,1,0
21,2,996,1,3,2,3,1,379,4,1,100,2,1,6,3,2,3230,10531,1,0,0,17,3,1,80,0,3,4,4,3,2,1,0,0
37,0,728,1,1,4,3,1,380,1,0,80,3,3,5,4,0,13603,11677,2,0,1,18,3,1,80,2,15,2,3,5,2,0,2,0
35,2,1315,1,22,3,1,1,381,2,0,71,4,3,3,2,0,11996,19100,7,0,0,18,3,2,80,1,10,6,2,7,7,6,2,0
38,2,322,2,7,2,3,1,382,1,0,44,4,2,7,1,0,5605,19191,1,0,1,24,4,3,80,1,8,3,3,8,0,7,7,0
26,1,1479,1,1,3,1,1,384,3,0,84,3,2,4,2,0,6397,26767,1,0,0,20,4,1,80,1,6,6,1,6,5,1,4,0
50,2,797,1,4,1,1,1,385,1,1,96,3,5,5,2,0,19144,15815,3,0,0,14,3,1,80,2,28,4,2,10,4,1,6,0
53,2,1070,1,3,4,3,1,386,3,1,45,3,4,5,3,1,17584,21016,3,0,1,16,3,4,80,3,21,5,2,5,3,1,3,0
42,2,635,2,1,1,1,1,387,2,1,99,3,2,7,3,1,4907,24532,1,0,0,25,4,3,80,0,20,3,3,20,16,11,6,0
29,1,442,2,2,2,1,1,388,2,1,44,3,2,7,4,2,4554,20260,1,0,0,18,3,1,80,0,10,3,2,10,7,0,9,0
55,2,147,1,20,2,5,1,389,2,1,37,3,2,2,4,1,5415,15972,3,0,1,19,3,4,80,1,12,4,3,10,7,0,8,0
26,1,496,1,11,2,3,1,390,1,1,60,3,2,0,1,1,4741,22722,1,0,1,13,3,3,80,1,5,3,3,5,3,3,3,0
37,2,1372,1,1,3,1,1,391,4,0,42,3,1,6,4,2,2115,15881,1,0,0,12,3,2,80,0,17,3,3,17,12,5,7,0
44,1,920,1,24,3,1,1,392,4,1,43,3,1,2,3,0,3161,19920,3,0,1,22,4,4,80,1,19,0,1,1,0,0,0,1
38,2,688,1,23,4,1,1,393,4,1,82,3,2,0,4,0,5745,18899,9,0,0,14,3,2,80,1,10,2,3,2,2,1,2,0
26,2,1449,1,16,4,3,1,394,1,1,45,3,1,2,2,0,2373,14180,2,0,1,13,3,4,80,1,5,2,3,3,2,0,2,1
28,2,1117,1,8,2,1,1,395,4,0,66,3,1,6,4,2,3310,4488,1,0,0,21,4,4,80,0,5,3,3,5,3,0,2,0
49,1,636,1,10,4,1,1,396,3,0,35,3,5,5,1,2,18665,25594,9,0,1,11,3,4,80,0,22,4,3,3,2,1,2,0
36,2,506,1,3,3,5,1,397,3,1,30,3,2,6,2,2,4485,26285,4,0,0,12,3,4,80,0,10,2,3,8,0,7,7,0
31,1,444,2,5,3,2,1,399,4,0,84,3,1,8,2,0,2789,3909,1,0,0,11,3,3,80,1,2,5,2,2,2,2,2,0
26,2,950,2,4,4,2,1,401,4,1,48,2,2,7,4,2,5828,8450,1,0,1,12,3,2,80,0,8,0,3,8,7,7,4,1
37,1,889,1,9,3,3,1,403,2,1,53,3,1,6,4,1,2326,11411,1,0,1,12,3,3,80,3,4,3,2,4,2,1,2,0
42,1,555,2,26,3,2,1,404,3,0,77,3,4,7,2,1,13525,14864,5,0,0,14,3,4,80,1,23,2,4,20,4,4,8,0
18,2,230,1,3,3,1,1,405,3,1,54,3,1,2,3,2,1420,25233,1,0,0,13,3,3,80,0,0,2,3,0,0,0,0,1
35,2,1232,2,16,3,2,1,406,3,1,96,3,3,7,2,1,8020,5100,0,0,0,15,3,3,80,2,12,3,2,11,9,6,9,0
36,1,566,1,18,4,1,1,407,3,1,81,4,1,2,4,1,3688,7122,4,0,0,18,3,4,80,2,4,2,3,1,0,0,0,0
51,2,1302,1,2,3,3,1,408,4,1,84,1,2,4,2,0,5482,16321,5,0,0,18,3,4,80,1,13,3,3,4,1,1,2,0
41,2,334,2,2,4,1,1,410,4,1,88,3,4,3,2,2,16015,15896,1,0,0,19,3,2,80,0,22,2,3,22,10,0,4,0
18,2,812,2,10,3,3,1,411,4,0,69,2,1,8,3,2,1200,9724,1,0,0,12,3,1,80,0,0,2,3,0,0,0,0,0
28,2,1476,1,16,2,3,1,412,2,1,68,4,2,0,1,2,5661,4824,0,0,0,19,3,3,80,0,9,2,3,8,3,0,7,0
31,2,218,2,7,3,5,1,416,2,1,100,4,2,7,4,1,6929,12241,4,0,0,11,3,2,80,1,10,3,2,8,7,7,7,0
39,2,1132,1,1,3,3,1,417,3,1,48,4,3,0,4,0,9613,10942,0,0,0,17,3,1,80,3,19,5,2,18,10,3,7,0
36,0,1105,1,24,4,1,1,419,2,0,47,3,2,2,2,1,5674,6927,7,0,0,15,3,3,80,1,11,3,3,9,8,0,8,0
32,2,906,2,7,3,1,1,420,4,1,91,2,2,7,3,1,5484,16985,1,0,0,14,3,3,80,1,13,3,2,13,8,4,8,0
38,2,849,1,25,2,1,1,421,1,0,81,2,3,5,2,1,12061,26707,3,0,0,17,3,3,80,1,19,2,3,10,8,0,1,0
58,0,390,1,1,4,1,1,422,4,1,32,1,2,0,3,0,5660,17056,2,0,1,13,3,4,80,1,12,2,3,5,3,1,2,0
31,2,691,1,5,4,5,1,423,3,1,86,3,1,6,4,1,4821,10077,0,0,1,12,3,3,80,1,6,4,3,5,2,0,3,0
31,2,106,0,2,3,0,1,424,1,1,62,2,2,1,1,1,6410,17822,3,0,0,12,3,4,80,0,9,1,3,2,2,1,0,0
45,1,1249,1,7,3,1,1,425,1,1,97,3,3,2,1,0,5210,20308,1,0,0,18,3,1,80,1,24,2,3,24,9,9,11,0
31,2,192,1,2,4,1,1,426,3,1,32,3,1,6,4,0,2695,7747,0,0,1,18,3,2,80,1,3,2,1,2,2,2,2,0
33,1,553,1,5,4,1,1,428,4,0,74,3,3,3,2,1,11878,23364,6,0,0,11,3,2,80,2,12,2,3,10,6,8,8,0
39,2,117,1,10,1,3,1,429,3,1,99,3,4,3,1,1,17068,5355,1,0,1,14,3,4,80,0,21,3,3,21,9,11,10,0
43,1,185,1,10,4,1,1,430,3,0,33,3,1,2,4,2,2455,10675,0,0,0,19,3,1,80,0,9,5,3,8,7,1,7,0
49,2,1091,1,1,2,5,1,431,3,0,90,2,4,0,3,2,13964,17810,7,0,1,12,3,4,80,0,25,2,3,7,1,0,7,0
52,2,723,1,8,4,3,1,433,3,1,85,2,2,6,2,1,4941,17747,2,0,0,15,3,1,80,0,11,3,2,8,2,7,7,1
27,2,1220,1,5,3,1,1,434,3,0,85,3,1,6,2,2,2478,20938,1,0,1,12,3,2,80,0,4,2,2,4,3,1,2,0
32,2,588,2,8,2,5,1,436,3,0,65,2,2,7,2,1,5228,24624,1,0,1,11,3,4,80,0,13,2,3,13,12,11,9,0
27,2,1377,2,2,3,1,1,437,4,1,74,3,2,7,3,2,4478,5242,1,0,1,11,3,1,80,0,5,3,3,5,4,0,4,0
31,2,691,2,7,3,2,1,438,4,1,73,3,2,7,4,0,7547,7143,4,0,0,12,3,4,80,3,13,3,3,7,7,1,7,0
32,2,1018,1,2,4,3,1,439,1,0,74,4,2,6,4,2,5055,10557,7,0,0,16,3,3,80,0,10,0,2,7,7,0,7,0
28,2,1157,1,2,4,3,1,440,1,1,84,1,1,6,4,1,3464,24737,5,0,1,13,3,4,80,0,5,4,2,3,2,2,2,1
30,2,1275,1,28,2,3,1,441,4,0,64,3,2,6,4,1,5775,11934,1,0,0,13,3,4,80,2,11,2,3,10,8,1,9,0
31,1,798,1,7,2,1,1,442,3,0,48,2,3,4,3,1,8943,14034,1,0,0,24,4,1,80,1,10,2,3,10,9,8,9,0
39,1,672,1,7,2,3,1,444,3,1,54,2,5,3,4,1,19272,21141,1,0,0,15,3,1,80,1,21,2,3,21,9,13,3,0
39,2,1162,2,3,2,3,1,445,4,0,41,3,2,7,3,1,5238,17778,4,0,1,18,3,1,80,0,12,3,2,1,0,0,0,1
33,1,508,2,10,3,2,1,446,2,1,46,2,2,7,4,2,4682,4317,3,0,0,14,3,3,80,0,9,6,2,7,7,0,1,0
47,2,1482,1,5,5,1,1,447,4,1,42,3,5,5,3,1,18300,16375,4,0,0,11,3,2,80,1,21,2,3,3,2,1,1,0
43,1,559,1,10,4,1,1,448,3,0,82,2,2,2,3,0,5257,6227,1,0,0,11,3,2,80,1,9,3,4,9,7,0,0,0
27,0,210,2,1,1,2,1,449,3,1,73,3,2,7,2,1,6349,22107,0,0,1,13,3,4,80,1,6,0,3,5,4,1,4,0
54,1,928,1,20,4,1,1,450,4,0,31,3,2,6,3,2,4869,16885,3,0,0,12,3,4,80,0,20,4,2,4,3,0,3,0
43,2,1001,1,7,3,1,1,451,3,0,43,3,3,0,1,1,9985,9262,8,0,0,16,3,1,80,1,10,1,2,1,0,0,0,0
45,2,549,1,8,4,4,1,452,4,1,75,3,2,6,4,1,3697,9278,9,0,0,14,3,1,80,2,12,3,3,10,9,9,8,0
40,2,1124,2,1,2,3,1,453,2,1,57,1,2,7,4,1,7457,13273,2,0,1,22,4,3,80,3,6,2,2,4,3,0,2,0
29,2,318,1,8,4,4,1,454,2,1,77,1,1,2,1,1,2119,4759,1,0,1,11,3,4,80,0,7,4,2,7,7,0,7,1
29,2,738,1,9,5,4,1,455,2,1,30,2,1,2,4,2,3983,7621,0,0,0,17,3,3,80,0,4,2,3,3,2,2,2,0
30,2,570,2,5,3,2,1,456,4,0,30,2,2,7,3,0,6118,5431,1,0,0,13,3,3,80,3,10,2,3,10,9,1,2,0
27,2,1130,2,8,4,2,1,458,2,0,56,3,2,7,2,1,6214,3415,1,0,0,18,3,1,80,1,8,3,3,8,7,0,7,0
37,2,1192,1,5,2,3,1,460,4,1,61,3,2,4,4,0,6347,23177,7,0,0,16,3,3,80,2,8,2,2,6,2,0,4,0
38,2,343,1,15,2,1,1,461,3,1,92,2,3,5,4,0,11510,15682,0,0,1,14,3,2,80,1,12,3,3,11,10,2,9,0
31,2,1232,1,7,4,3,1,462,3,0,39,3,3,4,4,2,7143,25713,1,0,1,14,3,3,80,0,11,2,2,11,9,4,10,0
29,2,144,2,10,1,2,1,463,4,0,39,2,2,7,2,0,8268,11866,1,0,1,14,3,1,80,2,7,2,3,7,7,1,7,0
35,2,1296,1,5,4,5,1,464,3,1,62,3,3,4,2,2,8095,18264,0,0,0,13,3,4,80,0,17,5,3,16,6,0,13,0
23,2,1309,1,26,1,1,1,465,3,1,83,3,1,6,4,0,2904,16092,1,0,0,12,3,3,80,2,4,2,2,4,2,0,2,0
41,2,483,1,6,3,3,1,466,4,1,95,2,2,4,2,2,6032,10110,6,0,1,15,3,4,80,0,8,3,3,5,4,1,2,0
47,1,1309,2,4,1,3,1,467,2,1,99,3,2,8,3,2,2976,25751,3,0,0,19,3,1,80,0,5,3,3,0,0,0,0,0
42,2,810,1,23,5,1,1,468,1,0,44,3,4,5,4,2,15992,15901,2,0,0,14,3,2,80,0,16,2,3,1,0,0,0,0
29,0,746,2,2,3,1,1,469,4,1,61,3,2,7,3,1,4649,16928,1,0,0,14,3,1,80,1,4,3,2,4,3,0,2,0
42,2,544,0,2,1,5,1,470,3,1,52,3,1,1,3,0,2696,24017,0,0,1,11,3,3,80,1,4,5,3,3,2,1,0,0
32,2,1062,1,2,3,3,1,471,3,0,75,3,1,2,2,1,2370,3956,1,0,0,13,3,3,80,1,8,4,3,8,0,0,7,0
48,2,530,2,29,1,3,1,473,1,0,91,3,3,3,3,1,12504,23978,3,0,0,21,4,2,80,1,15,3,1,0,0,0,0,0
37,2,1319,1,6,3,3,1,474,3,1,51,4,2,6,1,0,5974,17001,4,0,1,13,3,1,80,2,13,2,3,7,7,6,7,0
30,0,641,2,25,2,5,1,475,4,0,85,3,2,7,3,1,4736,6069,7,0,1,12,3,2,80,1,4,2,4,2,2,2,2,0
26,2,933,2,1,3,1,1,476,3,1,57,3,2,7,3,1,5296,20156,1,0,0,17,3,2,80,1,8,3,3,8,7,7,7,0
42,2,1332,1,2,4,4,1,477,1,1,98,2,2,0,4,2,6781,17078,3,0,0,23,4,2,80,0,14,6,3,1,0,0,0,0
21,1,756,2,1,1,5,1,478,1,0,99,2,1,8,2,2,2174,9150,1,0,1,11,3,3,80,0,3,3,3,3,2,1,2,1
36,0,845,2,1,5,3,1,479,4,0,45,3,2,7,4,2,6653,15276,4,0,0,15,3,2,80,0,7,6,3,1,0,0,0,0
36,1,541,2,3,4,3,1,481,1,1,48,2,3,7,4,1,9699,7246,4,0,0,11,3,1,80,1,16,2,3,13,9,1,12,0
57,2,593,1,1,4,3,1,482,4,1,88,3,2,0,3,1,6755,2967,2,0,0,11,3,3,80,0,15,2,3,3,2,1,2,0
40,2,1171,1,10,4,1,1,483,4,0,46,4,1,2,3,1,2213,22495,3,0,1,13,3,3,80,1,10,3,3,7,7,1,7,0
21,0,895,2,9,2,3,1,484,1,1,39,3,1,8,4,2,2610,2851,1,0,0,24,4,3,80,0,3,3,2,3,2,2,2,0
33,2,350,2,5,3,2,1,485,4,0,34,3,1,8,3,2,2851,9150,1,0,1,13,3,2,80,0,1,2,3,1,0,0,0,1
37,2,921,1,10,3,3,1,486,3,0,98,3,1,2,1,1,3452,17663,6,0,0,20,4,2,80,1,17,3,3,5,4,0,3,0
46,0,1144,1,7,4,3,1,487,3,0,30,3,2,4,3,1,5258,16044,2,0,0,14,3,3,80,0,7,2,4,1,0,0,0,0
41,1,143,2,4,3,2,1,488,1,1,56,3,2,7,2,2,9355,9558,1,0,0,18,3,3,80,0,8,5,3,8,7,7,7,1
50,2,1046,1,10,3,5,1,491,4,1,100,2,3,0,4,2,10496,2755,6,0,0,15,3,4,80,0,20,2,3,4,3,1,3,0
40,2,575,2,22,2,2,1,492,3,1,68,2,2,7,3,1,6380,6110,2,0,1,12,3,1,80,2,8,6,3,6,4,1,0,1
31,2,408,1,9,4,1,1,493,3,1,42,2,1,6,2,2,2657,7551,0,0,1,16,3,4,80,0,3,5,3,2,2,2,2,0
21,2,156,2,12,3,1,1,494,3,0,90,4,1,8,2,2,2716,25422,1,0,0,15,3,4,80,0,1,0,3,1,0,0,0,1
29,2,1283,1,23,3,1,1,495,4,1,54,3,1,6,4,2,2201,18168,9,0,0,16,3,4,80,0,6,4,3,3,2,1,2,0
35,2,755,1,9,4,1,1,496,3,1,97,2,2,0,2,2,6540,19394,9,0,0,19,3,3,80,0,10,5,3,1,1,0,0,0
27,2,1469,1,1,2,3,1,497,4,1,82,3,1,2,2,0,3816,17881,1,0,0,11,3,2,80,1,5,2,3,5,2,0,4,0
28,2,304,2,9,4,1,1,498,2,1,92,3,2,7,4,2,5253,20750,1,0,0,16,3,4,80,0,7,1,3,7,5,0,7,0
49,2,1261,1,7,3,4,1,499,2,1,31,2,3,0,3,2,10965,12066,8,0,0,24,4,3,80,0,26,2,3,5,2,0,0,0
51,2,1178,2,14,2,1,1,500,3,0,87,3,2,7,4,1,4936,14862,4,0,0,11,3,3,80,1,18,2,2,7,7,0,7,0
36,2,329,1,2,3,1,1,501,4,0,96,3,1,6,3,1,2543,11868,4,0,0,13,3,2,80,1,6,3,3,2,2,2,2,0
34,0,1362,2,19,3,2,1,502,1,1,67,4,2,7,4,2,5304,4652,8,0,1,13,3,2,80,0,9,3,2,5,2,0,4,1
55,2,1311,1,2,3,1,1,505,3,0,97,3,4,3,4,2,16659,23258,2,0,1,13,3,3,80,0,30,2,3,5,4,1,2,0
24,2,1371,2,10,4,2,1,507,4,0,77,3,2,7,3,0,4260,5915,1,0,1,12,3,4,80,1,5,2,4,5,2,0,3,0
30,2,202,2,2,1,5,1,508,3,1,72,3,1,8,2,1,2476,17434,1,0,0,18,3,1,80,1,1,3,3,1,0,0,0,0
26,1,575,1,3,1,5,1,510,3,1,73,3,1,6,1,2,3102,6582,0,0,0,22,4,3,80,0,7,2,3,6,4,0,4,1
22,2,253,1,11,3,3,1,511,1,0,43,3,1,6,2,1,2244,24440,1,0,0,13,3,4,80,1,2,1,3,2,1,1,2,0
36,2,164,2,2,2,3,1,513,2,1,61,2,3,7,3,1,7596,3809,1,0,0,13,3,2,80,2,10,2,3,10,9,9,0,0
30,1,464,1,4,3,5,1,514,3,1,40,3,1,6,4,2,2285,3427,9,0,1,23,4,3,80,0,3,4,3,1,0,0,0,1
37,2,1107,1,14,3,1,1,515,4,0,95,3,1,2,1,0,3034,26914,1,0,0,12,3,3,80,1,18,2,2,18,7,12,17,0
40,2,759,2,2,2,2,1,516,4,0,46,3,2,7,2,0,5715,22553,7,0,0,12,3,3,80,2,8,5,3,5,4,1,3,0
42,2,201,1,1,4,1,1,517,2,0,95,3,1,2,1,0,2576,20490,3,0,0,16,3,2,80,1,8,5,3,5,2,1,2,0
37,2,1305,1,10,4,1,1,518,3,1,49,3,2,4,2,2,4197,21123,2,0,1,12,3,4,80,0,18,2,2,1,0,0,1,0
43,2,982,1,12,3,1,1,520,1,1,59,2,4,5,2,0,14336,4345,1,0,0,11,3,3,80,1,25,3,3,25,10,3,9,0
40,2,555,1,2,3,3,1,521,2,0,78,2,2,2,3,1,3448,13436,6,0,0,22,4,2,80,1,20,3,3,1,0,0,0,0
54,2,821,1,5,2,3,1,522,1,1,86,3,5,5,1,1,19406,8509,4,0,0,11,3,3,80,1,24,4,2,4,2,1,2,0
34,0,1381,2,4,4,2,1,523,3,0,72,3,2,7,3,1,6538,12740,9,0,0,15,3,1,80,1,6,3,3,3,2,1,2,0
31,2,480,1,7,2,3,1,524,2,0,31,3,2,4,1,1,4306,4156,1,0,0,12,3,2,80,1,13,5,1,13,10,3,12,0
43,1,313,1,21,3,3,1,525,4,1,61,3,1,2,4,1,2258,15238,7,0,0,20,4,1,80,1,8,1,3,3,2,1,2,0
43,2,1473,1,8,4,4,1,526,3,0,74,3,2,0,3,0,4522,2227,4,0,1,14,3,4,80,0,8,3,3,5,2,0,2,0
25,2,891,2,4,2,1,1,527,2,0,99,2,2,7,4,2,4487,12090,1,0,1,11,3,2,80,0,5,3,3,5,4,1,3,0
37,0,1063,1,25,5,3,1,529,2,0,72,3,2,6,3,1,4449,23866,3,0,1,15,3,1,80,2,15,2,3,13,11,10,7,0
31,2,329,1,1,2,1,1,530,4,1,98,2,1,2,1,1,2218,16193,1,0,0,12,3,3,80,1,4,3,3,4,2,3,2,0
39,1,1218,1,1,1,1,1,531,2,1,52,3,5,3,3,0,19197,8213,1,0,1,14,3,3,80,1,21,3,3,21,8,1,6,0
56,1,906,2,6,3,1,1,532,3,0,86,4,4,7,1,1,13212,18256,9,0,0,11,3,4,80,3,36,0,2,7,7,7,7,0
30,2,1082,2,12,3,5,1,533,2,0,83,3,2,7,3,2,6577,19558,0,0,0,11,3,2,80,0,6,6,3,5,4,4,4,0
41,2,645,2,1,3,2,1,534,2,1,49,4,3,7,1,1,8392,19566,1,0,0,16,3,3,80,1,10,2,3,10,7,0,7,0
28,2,1300,1,17,2,3,1,536,3,1,79,3,2,2,1,0,4558,13535,1,0,0,12,3,4,80,1,10,2,3,10,0,1,8,0
25,2,688,1,3,3,3,1,538,1,1,91,3,1,2,1,1,4031,9396,5,0,0,13,3,3,80,1,6,5,3,2,2,0,2,1
52,2,319,1,3,3,3,1,543,4,1,39,2,3,4,3,1,7969,19609,2,0,1,14,3,3,80,0,28,4,3,5,4,0,4,0
45,2,192,1,10,2,1,1,544,1,1,69,3,1,6,4,1,2654,9655,3,0,0,21,4,4,80,2,8,3,2,2,2,0,2,0
52,2,1490,1,4,2,1,1,546,4,0,30,3,4,3,4,1,16555,10310,2,0,0,13,3,4,80,0,31,2,1,5,2,1,4,0
42,1,532,1,29,2,1,1,547,1,0,92,3,2,6,3,0,4556,12932,2,0,0,11,3,2,80,1,19,3,3,5,4,0,2,0
30,2,317,1,2,3,1,1,548,3,0,43,1,2,4,4,2,6091,24793,2,0,0,20,4,3,80,0,11,2,3,5,4,0,2,0
60,2,422,1,7,3,1,1,549,1,0,41,3,5,3,1,1,19566,3854,5,0,0,11,3,4,80,0,33,5,1,29,8,11,10,0
46,2,1485,1,18,3,3,1,550,3,0,87,3,2,4,3,0,4810,26314,2,0,0,14,3,3,80,1,19,5,2,10,7,0,8,0
42,1,1368,1,28,4,5,1,551,4,0,88,2,2,0,4,1,4523,4386,0,0,0,11,3,4,80,3,7,4,4,6,5,0,4,0
24,2,1448,2,1,1,5,1,554,1,0,62,3,1,8,2,2,3202,21972,1,0,1,16,3,2,80,0,6,4,3,5,3,1,4,1
34,1,296,2,6,2,2,1,555,4,0,33,1,1,8,3,0,2351,12253,0,0,0,16,3,4,80,1,3,3,2,2,2,1,0,1
38,1,1490,1,2,2,1,1,556,4,1,42,3,1,2,4,1,1702,12106,1,0,1,23,4,3,80,1,1,3,3,1,0,0,0,0
40,2,1398,2,2,4,1,1,558,3,0,79,3,5,3,3,1,18041,13022,0,0,0,14,3,4,80,0,21,2,3,20,15,1,12,0
26,2,1349,1,23,3,1,1,560,1,0,90,3,1,6,4,0,2886,3032,1,0,0,22,4,2,80,2,3,3,1,3,2,0,2,0
30,0,1400,1,3,3,1,1,562,3,1,53,3,1,2,4,1,2097,16734,4,0,0,15,3,3,80,1,9,3,1,5,3,1,4,0
29,2,986,1,3,4,3,1,564,2,1,93,2,3,5,3,1,11935,21526,1,0,0,18,3,3,80,0,10,2,3,10,2,0,7,0
29,2,408,1,25,5,5,1,565,3,0,71,2,1,6,2,1,2546,18300,5,0,0,16,3,2,80,0,6,2,4,2,2,1,1,1
19,2,489,0,2,2,5,1,566,1,1,52,2,1,1,4,2,2564,18437,1,0,0,12,3,3,80,0,1,3,4,1,0,0,0,1
30,0,1398,2,22,4,4,1,567,3,0,69,3,3,7,1,1,8412,2890,0,0,0,11,3,3,80,0,10,3,3,9,8,7,8,0
57,2,210,2,29,3,2,1,568,1,1,56,2,4,3,4,0,14118,22102,3,0,0,12,3,3,80,1,32,3,2,1,0,0,0,0
50,2,1099,1,29,4,1,1,569,2,1,88,2,4,3,3,1,17046,9314,0,0,0,15,3,2,80,1,28,2,3,27,10,15,7,0
30,0,1116,1,2,3,3,1,571,3,0,49,3,1,2,4,2,2564,7181,0,0,0,14,3,3,80,0,12,2,2,11,7,6,7,0
60,1,1499,2,28,3,2,1,573,3,0,80,2,3,7,1,1,10266,2845,4,0,0,19,3,4,80,0,22,5,4,18,13,13,11,0
47,2,983,1,2,2,3,1,574,1,0,65,3,2,4,4,0,5070,7389,5,0,0,13,3,3,80,3,20,2,3,5,0,0,4,0
46,2,1009,1,2,3,1,1,575,1,1,51,3,4,5,3,1,17861,2288,6,0,0,13,3,3,80,0,26,2,1,3,2,0,1,0
35,2,144,1,22,3,1,1,577,4,1,46,1,1,2,3,2,4230,19225,0,0,0,15,3,3,80,0,6,2,3,5,4,4,3,0
54,2,548,1,8,4,1,1,578,3,0,42,3,2,2,3,2,3780,23428,7,0,0,11,3,3,80,0,19,3,3,1,0,0,0,0
34,2,1303,1,2,4,1,1,579,4,1,62,2,1,6,3,0,2768,8416,3,0,0,12,3,3,80,1,14,3,3,7,3,5,7,0
46,2,1125,2,10,3,2,1,580,3,0,94,2,3,7,4,1,9071,11563,2,0,1,19,3,3,80,1,15,3,3,3,2,1,2,0
31,2,1274,1,9,1,1,1,581,3,1,33,3,3,4,2,0,10648,14394,1,0,0,25,4,4,80,1,13,6,4,13,8,0,8,0
33,2,1277,1,15,1,3,1,582,2,1,56,3,3,3,3,1,13610,24619,7,0,1,12,3,4,80,0,15,2,4,7,6,7,7,1
33,2,587,1,10,1,3,1,584,1,1,38,1,1,2,4,0,3408,6705,7,0,0,13,3,1,80,3,8,2,3,4,3,1,3,1
30,2,413,2,7,1,2,1,585,4,1,57,3,1,8,2,2,2983,18398,0,0,0,14,3,1,80,0,4,3,3,3,2,1,2,0
35,2,1276,1,16,3,1,1,586,4,1,72,3,3,0,3,1,7632,14295,4,0,1,12,3,3,80,0,10,2,3,8,7,0,0,0
31,1,534,1,20,3,1,1,587,1,1,66,3,3,0,3,1,9824,22908,3,0,0,12,3,1,80,0,12,2,3,1,0,0,0,1
34,1,988,0,23,3,0,1,590,2,0,43,3,3,1,1,0,9950,11533,9,0,1,15,3,3,80,3,11,2,3,3,2,0,2,1
42,1,1474,1,5,2,4,1,591,2,1,97,3,1,2,3,1,2093,9260,4,0,0,17,3,4,80,1,8,4,3,2,2,2,0,0
36,0,635,2,10,4,3,1,592,2,1,32,3,3,7,4,2,9980,15318,1,0,0,14,3,4,80,0,10,3,2,10,3,9,7,0
22,1,1368,1,4,1,5,1,593,3,1,99,2,1,2,3,2,3894,9129,5,0,0,16,3,3,80,0,4,3,3,2,2,1,2,1
48,2,163,2,2,5,2,1,595,2,0,37,3,2,7,4,1,4051,19658,2,0,0,14,3,1,80,1,14,2,3,9,7,6,7,0
55,2,1117,2,18,5,1,1,597,1,0,83,3,4,3,2,2,16835,9873,3,0,0,23,4,4,80,0,37,2,3,10,9,7,7,0
41,0,267,2,10,2,1,1,599,4,1,56,3,2,7,4,2,6230,13430,7,0,0,14,3,4,80,0,16,3,3,14,3,1,10,0
35,2,619,2,1,3,2,1,600,2,1,85,3,2,7,3,1,4717,18659,9,0,0,11,3,3,80,0,15,2,3,11,9,6,9,0
40,2,302,1,6,3,1,1,601,2,0,75,3,4,4,3,2,13237,20364,7,0,0,15,3,3,80,0,22,3,3,20,6,5,13,0
39,1,443,1,8,1,1,1,602,3,0,48,3,1,2,3,1,3755,17872,1,0,0,11,3,1,80,1,8,3,3,8,3,0,7,0
31,2,828,2,2,1,1,1,604,2,1,77,3,2,7,4,2,6582,8346,4,0,1,13,3,3,80,0,10,2,4,6,5,0,5,0
42,2,319,1,24,3,3,1,605,4,1,56,3,3,4,1,1,7406,6950,1,0,1,21,4,4,80,1,10,5,2,10,9,5,8,0
45,2,561,2,2,3,4,1,606,4,1,61,3,2,7,2,1,4805,16177,0,0,0,19,3,2,80,1,9,3,4,8,7,3,7,0
26,1,426,0,17,4,1,1,608,2,0,58,3,1,1,3,0,2741,22808,0,0,1,11,3,2,80,1,8,2,2,7,7,1,0,1
29,2,232,1,19,3,5,1,611,4,1,34,3,2,4,4,0,4262,22645,4,0,0,12,3,2,80,2,8,2,4,3,2,1,2,0
33,2,922,1,1,5,3,1,612,1,0,95,4,4,5,3,0,16184,22578,4,0,0,19,3,3,80,1,10,2,3,6,1,0,5,0
31,2,688,2,7,3,1,1,613,3,1,44,2,3,3,4,0,11557,25291,9,0,0,21,4,3,80,1,10,3,2,5,4,0,1,0
18,1,1306,2,5,3,2,1,614,2,1,69,3,1,8,2,2,1878,8059,1,0,1,14,3,4,80,0,0,3,3,0,0,0,0,1
40,0,1094,2,28,3,4,1,615,3,1,58,1,3,7,1,0,10932,11373,3,0,0,15,3,3,80,1,20,2,3,1,0,0,1,0
41,0,509,1,2,4,4,1,616,1,0,62,2,2,0,3,2,6811,2112,2,0,1,17,3,1,80,0,10,3,3,8,7,0,7,0
26,2,775,2,29,2,3,1,618,1,1,45,3,2,7,3,0,4306,4267,5,0,0,12,3,1,80,2,8,5,3,0,0,0,0,0
35,2,195,2,1,3,3,1,620,1,0,80,3,2,7,3,2,4859,6698,1,0,0,16,3,4,80,0,5,3,3,5,4,0,3,0
34,2,258,2,21,4,1,1,621,4,1,74,4,2,7,4,2,5337,19921,1,0,0,12,3,4,80,0,10,3,3,10,7,5,7,0
26,2,471,1,24,3,5,1,622,3,1,66,1,1,2,4,2,2340,23213,1,0,1,18,3,2,80,0,1,3,1,1,0,0,0,1
37,2,799,1,1,3,5,1,623,2,0,59,3,3,4,4,2,7491,23848,4,0,0,17,3,4,80,0,12,3,4,6,5,1,2,0
46,1,1034,1,18,1,3,1,624,1,0,86,3,3,0,3,1,10527,8984,5,0,0,11,3,4,80,0,28,3,2,2,2,1,2,0
41,2,1276,2,2,5,1,1,625,2,0,91,3,4,3,1,1,16595,5626,7,0,0,16,3,2,80,1,22,2,3,18,16,11,8,0
37,0,142,2,9,4,3,1,626,1,1,69,3,3,7,2,0,8834,24666,1,0,0,13,3,4,80,1,9,6,3,9,5,7,7,0
52,2,956,1,6,2,5,1,630,4,1,78,3,2,6,1,0,5577,22087,3,0,1,12,3,2,80,2,18,3,3,10,9,6,9,0
32,0,1474,2,11,4,4,1,631,4,1,60,4,2,7,3,1,4707,23914,8,0,0,12,3,4,80,0,6,2,3,4,2,1,2,1
24,1,535,2,24,3,3,1,632,4,1,38,3,1,8,4,1,2400,5530,0,0,0,13,3,3,80,2,3,3,3,2,2,2,1,0
38,2,1495,1,10,3,3,1,634,3,0,76,3,2,0,3,1,9824,22174,3,0,0,19,3,3,80,1,18,4,3,1,0,0,0,0
37,2,446,1,1,4,1,1,635,2,0,65,3,2,4,2,1,6447,15701,6,0,0,12,3,2,80,1,8,2,2,6,5,4,3,0
49,2,1245,1,18,4,1,1,638,4,1,58,2,5,5,3,0,19502,2125,1,0,1,17,3,3,80,1,31,5,3,31,9,0,9,0
24,2,691,1,23,3,3,1,639,2,1,89,4,1,6,4,1,2725,21630,1,0,1,11,3,2,80,2,6,3,3,6,5,1,4,0
26,2,703,2,28,2,2,1,641,1,1,66,3,2,7,2,1,6272,7428,1,0,0,20,4,4,80,2,6,5,4,5,3,1,4,0
24,2,823,1,17,2,4,1,643,4,1,94,2,1,2,2,1,2127,9100,1,0,0,21,4,4,80,1,1,2,3,1,0,0,0,0
50,1,1246,0,3,3,3,1,644,1,1,99,3,5,3,2,1,18200,7999,1,0,0,11,3,3,80,1,32,2,3,32,5,10,7,0
25,2,622,2,13,1,3,1,645,2,1,40,3,1,8,3,1,2096,26376,1,0,0,11,3,3,80,0,7,1,3,7,4,0,6,0
24,1,1287,1,7,3,1,1,647,1,0,55,3,1,2,3,1,2886,14168,1,0,1,16,3,4,80,1,6,4,3,6,3,1,2,1
30,1,448,2,12,4,1,1,648,2,1,74,2,1,8,1,1,2033,14470,1,0,0,18,3,3,80,1,1,2,4,1,0,0,0,1
34,2,254,1,1,2,1,1,649,2,1,83,2,1,6,4,1,3622,22794,1,0,1,13,3,4,80,1,6,3,3,6,5,1,3,0
31,2,1365,2,13,4,3,1,650,2,1,46,3,2,7,1,0,4233,11512,2,0,0,17,3,3,80,0,9,2,1,3,1,1,2,1
35,2,538,1,25,2,4,1,652,1,1,54,2,2,2,4,2,3681,14004,4,0,0,14,3,4,80,0,9,3,3,3,2,0,2,0
31,2,525,2,6,4,3,1,653,1,1,66,4,2,7,4,0,5460,6219,4,0,0,22,4,4,80,2,13,4,4,7,7,5,7,0
27,2,798,1,6,4,3,1,655,1,0,66,2,1,6,3,0,2187,5013,0,0,0,12,3,3,80,2,6,5,2,5,3,0,3,0
37,2,558,2,2,3,2,1,656,4,1,75,3,2,7,3,1,9602,3010,4,0,1,11,3,3,80,1,17,3,2,3,0,1,0,0
20,2,959,1,1,3,1,1,657,4,0,83,2,1,6,2,2,2836,11757,1,0,0,13,3,4,80,0,1,0,4,1,0,0,0,0
42,2,622,1,2,4,1,1,659,3,0,81,3,2,0,4,1,4089,5718,1,0,0,13,3,2,80,2,10,4,3,10,2,2,2,0
43,2,782,1,6,4,4,1,661,2,1,50,2,4,5,4,0,16627,2671,4,0,1,14,3,3,80,1,21,3,2,1,0,0,0,0
38,2,362,1,1,1,1,1,662,3,0,43,3,1,6,1,2,2619,14561,3,0,0,17,3,4,80,0,8,3,2,0,0,0,0,0
43,1,1001,1,9,5,3,1,663,4,1,72,3,2,2,3,0,5679,19627,3,0,1,13,3,2,80,1,10,3,3,8,7,4,7,0
48,2,1236,1,1,4,1,1,664,4,0,40,2,4,3,1,1,15402,17997,7,0,0,11,3,1,80,1,21,3,1,3,2,0,2,0
44,2,1112,0,1,4,1,1,665,1,0,50,2,2,1,3,2,5985,26894,4,0,0,11,3,2,80,0,10,1,4,2,2,0,2,0
34,2,204,2,14,3,5,1,666,3,0,31,3,1,8,3,0,2579,2912,1,0,1,18,3,4,80,2,8,3,3,8,2,0,6,0
27,2,1420,2,2,1,2,1,667,3,1,85,3,1,8,1,0,3041,16346,0,0,0,11,3,2,80,1,5,3,3,4,3,0,2,1
21,2,1343,2,22,1,5,1,669,3,1,49,3,1,8,3,2,3447,24444,1,0,0,11,3,3,80,0,3,2,3,3,2,1,2,0
44,2,1315,1,3,4,4,1,671,4,1,35,3,5,3,4,1,19513,9358,4,0,1,12,3,1,80,1,26,2,4,2,2,0,1,0
22,2,604,1,6,1,3,1,675,1,1,69,3,1,6,3,1,2773,12145,0,0,0,20,4,4,80,0,3,3,3,2,2,2,2,0
33,2,1216,2,8,4,2,1,677,3,1,39,3,2,7,3,0,7104,20431,0,0,0,12,3,4,80,0,6,3,3,5,0,1,2,0
32,2,646,1,9,4,1,1,679,1,0,92,3,2,6,4,1,6322,18089,1,0,1,12,3,4,80,1,6,2,2,6,4,0,5,0
30,1,160,1,3,3,3,1,680,3,0,71,3,1,6,3,0,2083,22653,1,0,0,20,4,3,80,1,1,2,3,1,0,0,0,0
53,2,238,2,1,1,3,1,682,4,0,34,3,2,7,1,2,8381,7507,7,0,0,20,4,4,80,0,18,2,4,14,7,8,10,0
34,2,1397,1,1,5,1,1,683,2,1,42,3,1,6,4,1,2691,7660,1,0,0,12,3,4,80,1,10,4,2,10,9,8,8,0
45,1,306,2,26,4,1,1,684,1,0,100,3,2,7,1,1,4286,5630,2,0,0,14,3,4,80,2,5,4,3,1,1,0,0,1
26,2,991,1,6,3,1,1,686,3,0,71,3,1,2,4,1,2659,17759,1,0,1,13,3,3,80,1,3,2,3,3,2,0,2,0
37,2,482,1,3,3,4,1,689,3,1,36,3,3,4,3,1,9434,9606,1,0,0,15,3,3,80,1,10,2,3,10,7,7,8,0
29,2,1176,2,3,2,3,1,690,2,0,62,3,2,7,3,1,5561,3487,1,0,0,14,3,1,80,1,6,5,2,6,0,1,2,0
35,2,1017,1,6,4,1,1,691,2,1,82,1,2,6,4,2,6646,19368,1,0,0,13,3,2,80,0,17,3,3,17,11,11,8,0
33,1,1296,1,6,3,1,1,692,3,1,30,3,2,0,4,0,7725,5335,3,0,0,23,4,3,80,1,15,2,1,13,11,4,7,0
54,2,397,0,19,4,3,1,698,3,1,88,3,3,1,2,1,10725,6729,2,0,0,15,3,3,80,1,16,1,4,9,7,7,1,0
36,2,913,1,9,2,3,1,699,2,1,48,2,2,4,2,0,8847,13934,2,0,1,11,3,3,80,1,13,2,3,3,2,0,2,0
27,2,1115,1,3,4,3,1,700,1,1,54,2,1,6,4,2,2045,15174,0,0,0,13,3,4,80,0,5,0,3,4,2,1,1,0
20,2,1362,1,10,1,3,1,701,4,1,32,3,1,6,3,2,1009,26999,1,0,1,11,3,4,80,0,1,5,3,1,0,1,1,1
33,1,1076,1,3,3,1,1,702,1,1,70,3,1,6,1,2,3348,3164,1,0,1,11,3,1,80,0,10,3,3,10,8,9,7,1
35,0,727,1,3,3,1,1,704,3,1,41,2,1,2,3,1,1281,16900,1,0,0,18,3,3,80,2,1,3,3,1,0,0,0,0
23,2,885,1,4,3,3,1,705,1,1,58,4,1,6,1,1,2819,8544,2,0,0,16,3,1,80,1,5,3,4,3,2,0,2,0
25,2,810,2,8,3,1,1,707,4,1,57,4,2,7,2,1,4851,15678,0,0,0,22,4,3,80,1,4,4,3,3,2,1,2,0
38,2,243,2,7,4,2,1,709,4,0,46,2,2,7,4,2,4028,7791,0,0,0,20,4,1,80,0,8,2,3,7,7,0,5,0
29,1,806,1,1,4,1,1,710,2,1,76,1,1,6,4,0,2720,18959,1,0,0,18,3,4,80,1,10,5,3,10,7,2,8,0
48,2,817,2,2,1,2,1,712,2,1,56,4,2,7,2,1,8120,18597,3,0,0,12,3,4,80,0,12,3,3,2,2,2,2,0
27,1,1410,2,3,1,3,1,714,4,0,71,4,2,7,4,0,4647,16673,1,0,1,20,4,2,80,2,6,3,3,6,5,0,4,0
37,2,1225,1,10,2,1,1,715,4,1,80,4,1,6,4,2,4680,15232,3,0,0,17,3,1,80,0,4,2,3,1,0,0,0,0
50,2,1207,1,28,1,3,1,716,4,1,74,4,1,2,3,1,3221,3297,1,0,1,11,3,3,80,3,20,3,3,20,8,3,8,0
34,2,1442,1,9,3,3,1,717,4,0,46,2,3,0,2,2,8621,17654,1,0,0,14,3,2,80,0,9,3,4,8,7,7,7,0
24,2,693,2,3,2,1,1,720,1,0,65,3,2,7,3,2,4577,24785,9,0,0,14,3,1,80,0,4,3,3,2,2,2,0,1
39,2,408,1,2,4,5,1,721,4,0,80,2,2,0,3,2,4553,20978,1,0,0,11,3,1,80,0,20,4,3,20,7,11,10,0
32,2,929,2,10,3,2,1,722,4,1,55,3,2,7,4,2,5396,21703,1,0,0,12,3,4,80,0,10,2,2,10,7,0,8,0
50,1,562,2,8,2,5,1,723,2,1,50,3,2,7,3,1,6796,23452,3,0,1,14,3,1,80,1,18,4,3,4,3,1,3,1
38,2,827,1,1,4,1,1,724,2,0,33,4,2,0,4,2,7625,19383,0,0,0,13,3,3,80,0,10,4,2,9,7,1,8,0
27,2,608,1,1,2,1,1,725,3,0,68,3,3,4,1,1,7412,6009,1,0,0,11,3,4,80,0,9,3,3,9,7,0,7,0
32,2,1018,1,3,2,1,1,727,3,0,39,3,3,5,4,2,11159,19373,3,0,0,15,3,4,80,0,10,6,3,7,7,7,7,0
47,2,703,2,14,4,2,1,728,4,1,42,3,2,7,1,2,4960,11825,2,0,0,12,3,4,80,0,20,2,3,7,7,1,7,0
40,1,580,2,5,4,1,1,729,4,1,48,2,3,7,1,1,10475,23772,5,0,1,21,4,3,80,1,20,2,3,18,13,1,12,0
53,2,970,1,7,3,1,1,730,3,1,59,4,4,5,3,1,14814,13514,3,0,0,19,3,3,80,0,32,3,3,5,1,1,3,0
41,2,427,0,10,4,0,1,731,2,1,73,2,5,3,4,0,19141,8861,3,0,0,15,3,2,80,3,23,2,2,21,6,12,6,0
60,2,1179,2,16,4,2,1,732,1,1,84,3,2,7,1,2,5405,11924,8,0,0,14,3,4,80,0,10,1,3,2,2,2,2,0
27,1,294,1,10,2,1,1,733,4,1,32,3,3,4,1,0,8793,4809,1,0,0,21,4,3,80,2,9,4,2,9,7,1,7,0
41,2,314,0,1,3,0,1,734,4,1,59,2,5,3,3,1,19189,19562,1,0,0,12,3,2,80,1,22,3,3,22,7,2,10,0
50,2,316,2,8,4,2,1,738,4,1,54,3,1,8,2,1,3875,9983,7,0,0,15,3,4,80,1,4,2,3,2,2,2,2,0
28,2,654,1,1,2,1,1,741,1,0,67,1,1,6,2,2,2216,3872,7,0,1,13,3,4,80,0,10,4,3,7,7,3,7,1
36,0,427,1,8,3,1,1,742,1,0,63,4,3,5,1,1,11713,20335,9,0,0,14,3,1,80,1,10,2,3,8,7,0,5,0
38,2,168,1,1,3,1,1,743,3,0,81,3,3,4,3,2,7861,15397,4,0,1,14,3,4,80,0,10,4,4,1,0,0,0,0
44,0,381,1,24,3,3,1,744,1,1,49,1,1,2,3,2,3708,2104,2,0,0,14,3,3,80,0,9,5,3,5,2,1,4,0
47,1,217,2,3,3,3,1,746,4,0,49,3,4,7,3,0,13770,10225,9,0,1,12,3,4,80,2,28,2,2,22,2,11,13,0
30,2,501,2,27,5,2,1,747,3,1,99,3,2,7,4,0,5304,25275,7,0,0,23,4,4,80,1,10,2,2,8,7,7,7,0
29,2,1396,2,10,3,1,1,749,3,1,99,3,1,8,3,2,2642,2755,1,0,0,11,3,3,80,0,1,6,3,1,0,0,0,0
42,1,933,1,19,3,3,1,752,3,1,57,4,1,6,3,0,2759,20366,6,0,1,12,3,4,80,0,7,2,3,2,2,2,2,1
43,1,775,2,15,3,1,1,754,4,1,47,2,2,7,4,1,6804,23683,3,0,0,18,3,3,80,1,7,5,3,2,2,2,2,0
34,2,970,1,8,2,3,1,757,2,0,96,3,2,0,3,2,6142,7360,3,0,0,11,3,4,80,0,10,2,3,5,1,4,3,0
23,2,650,1,9,1,3,1,758,2,1,37,3,1,2,1,1,2500,4344,1,0,0,14,3,4,80,1,5,2,4,4,3,0,2,0
39,2,141,0,3,3,0,1,760,3,0,44,4,2,1,2,1,6389,18767,9,0,0,15,3,3,80,1,12,3,1,8,3,3,6,0
56,2,832,1,9,3,3,1,762,3,1,81,3,4,0,4,1,11103,20420,7,0,0,11,3,3,80,0,30,1,2,10,7,1,1,0
40,2,804,1,2,1,3,1,763,4,0,86,2,1,6,4,2,2342,22929,0,0,1,20,4,4,80,0,5,2,2,4,2,2,3,0
27,2,975,1,7,3,3,1,764,4,0,55,2,2,0,1,2,6811,23398,8,0,0,19,3,1,80,0,9,2,1,7,6,0,7,0
29,2,1090,2,10,3,2,1,766,4,1,83,3,1,8,2,0,2297,17967,1,0,0,14,3,4,80,2,2,2,3,2,2,2,2,0
53,2,346,1,6,3,1,1,769,4,1,86,3,2,2,4,2,2450,10919,2,0,0,17,3,4,80,0,19,4,3,2,2,2,2,0
35,0,1225,1,2,4,1,1,771,4,0,61,3,2,0,1,0,5093,4761,2,0,0,11,3,1,80,1,16,2,4,1,0,0,0,0
32,1,430,1,24,4,1,1,772,1,1,80,3,2,2,4,1,5309,21146,1,0,0,15,3,4,80,2,10,2,3,10,8,4,7,0
38,2,268,1,2,5,3,1,773,4,1,92,3,1,6,3,1,3057,20471,6,0,1,13,3,2,80,1,6,0,1,1,0,0,1,0
34,2,167,1,8,5,1,1,775,2,0,32,3,2,4,1,0,5121,4187,3,0,0,14,3,3,80,1,7,3,3,0,0,0,0,0
52,2,621,2,3,4,2,1,776,3,1,31,2,4,3,1,1,16856,10084,1,0,0,11,3,1,80,0,34,3,4,34,6,1,16,0
33,2,527,1,1,4,4,1,780,4,1,63,3,1,6,4,2,2686,5207,1,0,1,13,3,3,80,0,10,2,2,10,9,7,8,1
25,2,883,2,26,1,3,1,781,3,0,32,3,2,7,4,2,6180,22807,1,0,0,23,4,2,80,0,6,5,2,6,5,1,4,0
45,2,954,2,2,2,5,1,783,2,1,46,1,2,8,3,2,6632,12388,0,0,0,13,3,1,80,0,9,3,3,8,7,3,1,0
23,2,310,1,10,1,3,1,784,1,1,79,4,1,6,3,2,3505,19630,1,0,0,18,3,4,80,0,2,3,3,2,2,0,2,0
47,1,719,2,27,2,1,1,785,2,0,77,4,2,7,3,2,6397,10339,4,0,1,12,3,4,80,0,8,2,3,5,4,1,3,1
34,2,304,2,2,3,4,1,786,4,1,60,3,2,7,4,2,6274,18686,1,0,0,22,4,3,80,0,6,5,3,6,5,1,4,0
55,2,725,1,2,3,3,1,787,4,1,78,3,5,3,1,1,19859,21199,5,0,1,13,3,4,80,1,24,2,3,5,2,1,4,1
36,0,1434,2,8,4,1,1,789,1,1,76,2,3,7,1,2,7587,14229,1,0,0,15,3,2,80,0,10,1,3,10,7,0,9,0
52,0,715,1,19,4,3,1,791,4,1,41,3,1,6,4,1,4258,26589,0,0,0,18,3,1,80,1,5,3,3,4,3,1,2,0
26,1,575,1,1,2,1,1,792,1,0,71,1,1,2,4,0,4364,5288,3,0,0,14,3,1,80,1,5,2,3,2,2,2,0,0
29,2,657,1,27,3,3,1,793,2,0,66,3,2,0,3,1,4335,25549,4,0,0,12,3,1,80,1,11,3,2,8,7,1,1,0
26,2,1146,2,8,3,5,1,796,4,1,38,2,2,7,1,2,5326,3064,6,0,0,17,3,3,80,0,6,2,2,4,3,1,2,1
34,2,182,1,1,4,1,1,797,2,0,72,4,1,6,4,2,3280,13551,2,0,0,16,3,3,80,0,10,2,3,4,2,1,3,0
54,2,376,1,19,4,3,1,799,4,0,95,3,2,4,1,0,5485,22670,9,0,1,11,3,2,80,2,9,4,3,5,3,1,4,0
27,1,829,2,8,1,2,1,800,3,1,84,3,2,7,4,1,4342,24008,0,0,0,19,3,2,80,1,5,3,3,4,2,1,1,0
37,2,571,1,10,1,1,1,802,4,0,82,3,1,6,1,0,2782,19905,0,0,1,13,3,2,80,2,6,3,2,5,3,4,3,0
38,1,240,1,2,4,1,1,803,1,0,75,4,2,4,1,2,5980,26085,6,0,1,12,3,4,80,0,17,2,3,15,7,4,12,0
34,2,121,1,2,4,3,1,804,3,0,86,2,1,6,1,2,4381,7530,1,0,0,11,3,3,80,0,6,3,3,6,5,1,3,0
35,2,384,2,8,4,1,1,805,1,0,72,3,1,8,4,1,2572,20317,1,0,0,16,3,2,80,1,3,1,2,3,2,0,2,0
30,2,921,1,1,3,1,1,806,4,1,38,1,1,2,3,1,3833,24375,3,0,0,21,4,3,80,2,7,2,3,2,2,0,2,0
40,1,791,1,2,2,3,1,807,3,0,38,4,2,0,2,1,4244,9931,1,0,0,24,4,4,80,1,8,2,3,8,7,3,7,0
34,2,1111,2,8,2,1,1,808,3,0,93,3,2,7,1,1,6500,13305,5,0,0,17,3,2,80,1,6,1,3,3,2,1,2,0
42,1,570,1,8,3,1,1,809,2,1,66,3,5,3,4,0,18430,16225,1,0,0,13,3,2,80,1,24,4,2,24,7,14,9,0
23,2,1243,1,6,3,1,1,811,3,1,63,4,1,2,1,1,1601,3445,1,0,1,21,4,3,80,2,1,2,3,0,0,0,0,1
24,0,1092,1,9,3,1,1,812,3,1,60,2,1,2,2,0,2694,26551,1,0,0,11,3,3,80,3,1,4,3,1,0,0,0,0
52,2,1325,1,11,4,1,1,813,4,0,82,3,2,2,3,1,3149,21821,8,0,0,20,4,2,80,1,9,3,3,5,2,1,4,0
50,2,691,1,2,3,3,1,815,3,1,64,3,4,5,3,1,17639,6881,5,0,0,16,3,4,80,0,30,3,3,4,3,0,3,0
29,2,805,1,1,2,1,1,816,2,0,36,2,1,2,1,1,2319,6689,1,0,1,11,3,4,80,1,1,1,3,1,0,0,0,1
33,2,213,1,7,3,3,1,817,3,1,49,3,3,5,3,1,11691,25995,0,0,0,11,3,4,80,0,14,3,4,13,9,3,7,0
33,2,118,2,16,3,2,1,819,1,0,69,3,2,7,1,2,5324,26507,5,0,0,15,3,3,80,0,6,3,3,3,2,0,2,1
47,2,202,1,2,2,4,1,820,3,0,33,3,4,3,4,1,16752,12982,1,0,1,11,3,3,80,1,26,3,2,26,14,3,0,0
36,2,676,1,1,3,4,1,823,3,0,35,3,2,4,2,1,5228,23361,0,0,0,15,3,1,80,1,10,2,3,9,7,0,5,0
29,2,1252,1,23,2,1,1,824,3,1,81,4,1,6,3,1,2700,23779,1,0,0,24,4,3,80,1,10,3,3,10,7,0,7,0
58,2,286,1,2,4,1,1,825,4,1,31,3,5,5,2,2,19246,25761,7,0,1,12,3,4,80,0,40,2,3,31,15,13,8,1
35,2,1258,1,1,4,1,1,826,4,0,40,4,1,6,3,2,2506,13301,3,0,0,13,3,3,80,0,7,0,3,2,2,2,2,0
42,2,932,1,1,2,1,1,827,4,0,43,2,2,4,4,1,6062,4051,9,0,1,13,3,4,80,1,8,4,3,4,3,0,2,0
28,2,890,1,2,4,3,1,828,3,1,46,3,1,6,3,2,4382,16374,6,0,0,17,3,4,80,0,5,3,2,2,2,2,1,1
36,2,1041,0,13,3,0,1,829,3,1,36,3,1,1,2,1,2143,25527,4,0,0,13,3,2,80,1,8,2,3,5,2,0,4,0
32,2,859,1,4,3,1,1,830,3,0,98,2,2,4,3,1,6162,19124,1,0,0,12,3,3,80,1,14,3,3,14,13,6,8,0
40,1,720,1,16,4,3,1,832,1,1,51,2,2,2,3,2,5094,11983,6,0,0,14,3,4,80,0,10,6,3,1,0,0,0,0
30,2,946,1,2,3,3,1,833,3,0,52,2,2,4,4,2,6877,20234,5,0,1,24,4,2,80,0,12,4,2,0,0,0,0,0
45,2,252,1,2,3,1,1,834,2,0,95,2,1,6,3,2,2274,6153,1,0,0,14,3,4,80,0,1,3,3,1,0,0,0,0
42,2,933,1,29,3,1,1,836,2,1,98,3,2,4,2,1,4434,11806,1,0,0,13,3,4,80,1,10,3,2,9,8,7,8,0
38,1,471,1,12,3,1,1,837,1,1,45,2,2,0,1,0,6288,4284,2,0,0,15,3,3,80,1,13,3,2,4,3,1,2,0
34,1,702,1,16,4,1,1,838,3,0,100,2,1,6,4,2,2553,8306,1,0,0,16,3,3,80,0,6,3,3,5,2,1,3,0
49,2,1184,2,11,3,2,1,840,3,0,43,3,3,7,4,1,7654,5860,1,0,0,18,3,1,80,2,9,3,4,9,8,7,7,1
55,2,436,2,2,1,3,1,842,3,1,37,3,2,7,4,2,5160,21519,4,0,0,16,3,3,80,0,12,3,2,9,7,7,3,1
43,2,589,1,14,2,1,1,843,2,1,94,3,4,5,1,1,17159,5200,6,0,0,24,4,3,80,1,22,3,3,4,1,1,0,0
27,2,269,1,5,1,5,1,844,3,1,42,2,3,5,4,0,12808,8842,1,0,1,16,3,2,80,1,9,3,3,9,8,0,8,0
35,2,950,1,7,3,4,1,845,3,1,59,3,3,4,3,2,10221,18869,3,0,0,21,4,2,80,0,17,3,4,8,5,1,6,0
28,2,760,2,2,4,2,1,846,2,0,81,3,2,7,2,1,4779,3698,1,0,1,20,4,1,80,0,8,2,3,8,7,7,5,0
34,2,829,0,3,2,0,1,847,3,1,88,3,1,1,4,1,3737,2243,0,0,0,19,3,3,80,1,4,1,1,3,2,0,2,0
26,1,887,1,5,2,3,1,848,3,0,88,2,1,6,3,1,2366,20898,1,0,1,14,3,1,80,1,8,2,3,8,7,1,7,1
27,0,443,1,3,3,3,1,850,4,1,50,3,1,6,4,1,1706,16571,1,0,0,11,3,3,80,3,0,6,2,0,0,0,0,0
51,2,1318,2,26,4,2,1,851,1,0,66,3,4,3,3,1,16307,5594,2,0,0,14,3,3,80,1,29,2,2,20,6,4,17,0
44,2,625,1,4,3,3,1,852,4,1,50,3,2,0,2,2,5933,5197,9,0,0,12,3,4,80,0,10,2,2,5,2,2,3,0
25,2,180,1,2,1,3,1,854,1,1,65,4,1,6,1,2,3424,21632,7,0,0,13,3,3,80,0,6,3,2,4,3,0,1,0
33,2,586,2,1,3,3,1,855,1,1,48,4,2,7,1,0,4037,21816,1,0,0,22,4,1,80,1,9,5,3,9,8,0,8,0
35,2,1343,1,27,1,3,1,856,3,0,53,2,1,6,1,2,2559,17852,1,0,0,11,3,4,80,0,6,3,2,6,5,1,1,0
36,2,928,2,1,2,1,1,857,2,1,56,3,2,7,4,1,6201,2823,1,0,1,14,3,4,80,1,18,1,2,18,14,4,11,0
32,2,117,2,13,4,1,1,859,2,1,73,3,2,7,4,0,4403,9250,2,0,0,11,3,3,80,1,8,3,2,5,2,0,3,0
30,1,1012,1,5,4,1,1,861,2,1,75,2,1,6,4,0,3761,2373,9,0,0,12,3,2,80,1,10,3,2,5,4,0,3,0
53,2,661,2,7,2,2,1,862,1,0,78,2,3,7,4,1,10934,20715,7,0,1,18,3,4,80,1,35,3,3,5,2,0,4,0
45,2,930,2,9,3,2,1,864,4,1,74,3,3,7,1,0,10761,19239,4,0,1,12,3,3,80,1,18,2,3,5,4,0,2,0
32,2,638,1,8,2,3,1,865,3,0,91,4,2,6,3,1,5175,22162,5,0,0,12,3,3,80,1,9,3,2,5,3,1,3,0
52,1,890,1,25,4,3,1,867,3,0,81,2,4,4,4,1,13826,19028,3,0,0,22,4,3,80,0,31,3,3,9,8,0,0,0
37,2,342,2,16,4,2,1,868,4,1,66,2,2,7,3,0,6334,24558,4,0,0,19,3,4,80,2,9,2,3,1,0,0,0,0
28,2,1169,0,8,2,3,1,869,2,1,63,2,1,1,4,0,4936,23965,1,0,0,13,3,4,80,1,6,6,3,5,1,0,4,0
22,2,1230,1,1,2,1,1,872,4,1,33,2,2,4,4,1,4775,19146,6,0,0,22,4,1,80,2,4,2,1,2,2,2,2,0
44,2,986,1,8,4,1,1,874,1,1,62,4,1,2,4,1,2818,5044,2,0,1,24,4,3,80,1,10,2,2,3,2,0,2,0
42,1,1271,1,2,1,3,1,875,2,1,35,3,1,6,4,2,2515,9068,5,0,1,14,3,4,80,0,8,2,3,2,1,2,2,0
36,2,1278,0,8,3,1,1,878,1,1,77,2,1,1,1,1,2342,8635,0,0,0,21,4,3,80,0,6,3,3,5,4,0,3,0
25,2,141,2,3,1,4,1,879,3,1,98,3,2,7,1,1,4194,14363,1,0,1,18,3,4,80,0,5,3,3,5,3,0,3,0
35,2,607,1,9,3,1,1,880,4,0,66,2,3,4,3,1,10685,23457,1,0,1,20,4,2,80,1,17,2,3,17,14,5,15,0
35,1,130,1,25,4,1,1,881,4,0,96,3,1,6,2,0,2022,16612,1,0,1,19,3,1,80,1,10,3,2,10,2,7,8,1
32,0,300,1,1,3,1,1,882,4,1,61,3,1,2,4,0,2314,9148,0,0,0,12,3,2,80,1,4,2,3,3,0,0,2,0
25,2,583,2,4,1,2,1,885,3,1,87,2,2,7,1,1,4256,18154,1,0,0,12,3,1,80,0,5,1,4,5,2,0,3,0
49,2,1418,1,1,3,5,1,887,3,0,36,3,1,6,1,1,3580,10554,2,0,0,16,3,2,80,1,7,2,3,4,2,0,2,0
24,0,1269,1,4,1,1,1,888,1,1,46,2,1,2,4,1,3162,10778,0,0,0,17,3,4,80,0,6,2,2,5,2,3,4,0
32,1,379,2,5,2,1,1,889,2,1,48,3,2,7,2,1,6524,8891,1,0,0,14,3,4,80,1,10,3,3,10,8,5,3,0
38,2,395,2,9,3,2,1,893,2,1,98,2,1,8,2,1,2899,12102,0,0,0,19,3,4,80,1,3,3,3,2,2,1,2,0
42,2,1265,1,3,3,1,1,894,3,0,95,4,2,2,4,1,5231,23726,2,0,1,13,3,2,80,1,17,1,2,5,3,1,3,0
31,2,1222,1,11,4,1,1,895,4,1,48,3,1,6,4,1,2356,14871,3,0,1,19,3,2,80,1,8,2,3,6,4,0,2,0
29,2,341,2,1,3,3,1,896,2,0,48,2,1,8,3,0,2800,23522,6,0,1,19,3,3,80,3,5,3,3,3,2,0,2,1
53,2,868,2,8,3,2,1,897,1,1,73,3,4,7,4,1,11836,22789,5,0,0,14,3,3,80,1,28,3,3,2,0,2,2,0
35,2,672,1,25,3,5,1,899,4,1,78,2,3,4,2,1,10903,9129,3,0,0,16,3,1,80,0,16,2,3,13,10,4,8,0
37,1,1231,2,21,2,3,1,900,3,0,54,3,1,8,4,1,2973,21222,5,0,0,15,3,2,80,1,10,3,3,5,4,0,0,0
53,2,102,1,23,4,1,1,901,4,0,72,3,4,5,4,2,14275,20206,6,0,0,18,3,3,80,0,33,0,3,12,9,3,8,0
43,1,422,1,1,3,1,1,902,4,0,33,3,2,0,4,1,5562,21782,4,0,0,13,3,2,80,1,12,2,2,5,2,2,2,0
47,2,249,2,2,2,2,1,903,3,0,35,3,2,7,4,1,4537,17783,0,0,1,22,4,1,80,1,8,2,3,7,6,7,7,0
37,0,1252,2,19,2,3,1,904,1,1,32,3,3,7,2,2,7642,4814,1,0,1,13,3,4,80,0,10,2,3,10,0,0,9,0
50,0,881,1,2,4,1,1,905,1,1,98,3,4,3,1,0,17924,4544,1,0,0,11,3,4,80,1,31,3,3,31,6,14,7,0
39,2,1383,0,2,3,1,1,909,4,0,42,2,2,1,4,1,5204,7790,8,0,0,11,3,3,80,2,13,2,3,5,4,0,4,0
33,2,1075,0,3,2,0,1,910,4,1,57,3,1,1,2,0,2277,22650,3,0,1,11,3,3,80,1,7,4,4,4,3,0,3,0
32,2,374,1,25,4,1,1,911,1,1,87,3,1,2,4,2,2795,18016,1,0,1,24,4,3,80,0,1,2,1,1,0,0,1,1
29,2,1086,1,7,1,3,1,912,1,0,62,2,1,2,4,0,2532,6054,6,0,0,14,3,3,80,3,8,5,3,4,3,0,3,0
44,2,661,1,9,2,1,1,913,2,1,61,3,1,6,1,1,2559,7508,1,0,1,13,3,4,80,0,8,0,3,8,7,7,1,0
28,2,821,2,5,4,3,1,916,1,1,98,3,2,7,4,2,4908,24252,1,0,0,14,3,2,80,0,4,3,3,4,2,0,2,0
58,1,781,1,2,1,1,1,918,4,1,57,2,1,2,4,0,2380,13384,9,0,1,14,3,4,80,1,3,3,2,1,0,0,0,1
43,2,177,1,8,3,1,1,920,1,0,55,3,2,4,2,0,4765,23814,4,0,0,21,4,3,80,1,4,2,4,1,0,0,0,0
20,2,500,2,2,3,3,1,922,3,0,49,2,1,8,3,2,2044,22052,1,0,0,13,3,4,80,0,2,3,2,2,2,0,2,1
21,2,1427,1,18,1,4,1,923,4,0,65,3,1,6,4,2,2693,8870,1,0,0,19,3,1,80,0,1,3,2,1,0,0,0,1
36,2,1425,1,14,1,1,1,924,3,1,68,3,2,0,4,1,6586,4821,0,0,1,17,3,1,80,1,17,2,2,16,8,4,11,0
47,2,1454,2,2,4,1,1,925,4,0,65,2,1,8,4,2,3294,13137,1,0,1,18,3,1,80,0,3,3,2,3,2,1,2,0
22,2,617,1,3,1,1,1,926,2,0,34,3,2,4,3,1,4171,10022,0,0,1,19,3,1,80,1,4,3,4,3,2,0,2,1
41,2,1085,1,2,4,1,1,927,2,0,57,1,1,2,4,0,2778,17725,4,0,1,13,3,3,80,1,10,1,2,7,7,1,0,1
28,2,995,1,9,3,3,1,930,3,0,77,3,1,6,3,0,2377,9834,5,0,0,18,3,2,80,1,6,2,3,2,2,2,2,0
39,2,1122,1,6,3,3,1,932,4,1,70,3,1,2,1,1,2404,4303,7,0,1,21,4,4,80,0,8,2,1,2,2,2,2,1
27,2,618,1,4,3,1,1,933,2,0,76,3,1,6,3,2,2318,17808,1,0,0,19,3,3,80,0,1,2,3,1,1,0,0,0
34,2,546,1,10,3,1,1,934,2,1,83,3,1,2,2,0,2008,6896,1,0,0,14,3,2,80,2,1,3,3,1,0,1,0,0
42,2,462,2,14,2,3,1,936,3,0,68,2,2,7,3,2,6244,7824,7,0,0,17,3,1,80,0,10,6,3,5,4,0,3,0
33,2,1198,1,1,4,4,1,939,3,1,100,2,1,6,1,2,2799,3339,3,0,1,11,3,2,80,0,6,1,3,3,2,0,2,0
58,2,1272,1,5,3,5,1,940,3,0,37,2,3,0,2,0,10552,9255,2,0,1,13,3,4,80,1,24,3,3,6,0,0,4,0
31,2,154,2,7,4,1,1,941,2,1,41,2,1,8,3,1,2329,11737,3,0,0,15,3,2,80,0,13,2,4,7,7,5,2,0
35,2,1137,1,21,1,1,1,942,4,0,51,3,2,0,4,1,4014,19170,1,0,1,25,4,4,80,1,10,2,1,10,6,0,7,0
49,2,527,1,8,2,4,1,944,1,0,51,3,3,2,2,1,7403,22477,4,0,0,11,3,3,80,1,29,3,2,26,9,1,7,0
48,2,1469,1,20,4,3,1,945,4,1,51,3,1,6,3,1,2259,5543,4,0,0,17,3,1,80,2,13,2,2,0,0,0,0,0
31,0,1188,2,20,2,2,1,947,4,0,45,3,2,7,3,1,6932,24406,1,0,0,13,3,4,80,1,9,2,2,9,8,0,0,0
36,2,188,1,7,4,4,1,949,2,1,65,3,1,6,4,2,4678,23293,2,0,0,18,3,3,80,0,8,6,3,6,2,0,1,0
38,2,1333,1,1,3,5,1,950,4,0,80,3,3,5,1,1,13582,16292,1,0,0,13,3,2,80,1,15,3,3,15,12,5,11,0
32,0,1184,1,1,3,1,1,951,3,0,70,2,1,2,2,1,2332,3974,6,0,0,20,4,3,80,0,5,3,3,3,0,0,2,0
25,2,867,2,19,2,2,1,952,3,1,36,2,1,8,2,1,2413,18798,1,0,1,18,3,3,80,3,1,2,3,1,0,0,0,1
40,2,658,2,10,4,2,1,954,1,1,67,2,3,7,2,0,9705,20652,2,0,0,12,3,2,80,1,11,2,2,1,0,0,0,0
26,1,1283,2,1,3,3,1,956,3,1,52,2,2,7,1,2,4294,11148,1,0,0,12,3,2,80,0,7,2,3,7,7,0,7,0
41,2,263,1,6,3,3,1,957,4,1,59,3,1,2,1,2,4721,3119,2,0,1,13,3,3,80,0,20,3,3,18,13,2,17,0
36,2,938,1,2,4,3,1,958,3,1,79,3,1,2,3,2,2519,12287,4,0,0,21,4,3,80,0,16,6,3,11,8,3,9,0
19,2,419,2,21,3,4,1,959,4,1,37,2,1,8,2,2,2121,9947,1,0,1,13,3,2,80,0,1,3,4,1,0,0,0,1
20,2,129,1,4,3,5,1,960,1,1,84,3,1,2,1,2,2973,13008,1,0,0,19,3,2,80,0,1,2,3,1,0,0,0,1
31,2,616,1,12,3,3,1,961,4,0,41,3,2,0,4,1,5855,17369,0,0,1,11,3,3,80,2,10,2,1,9,7,8,5,0
40,1,1469,1,9,4,3,1,964,4,1,35,3,1,6,2,0,3617,25063,8,0,1,14,3,4,80,1,3,2,3,1,1,0,0,0
32,2,498,1,3,4,3,1,966,3,0,93,3,2,4,1,1,6725,13554,1,0,0,12,3,3,80,1,8,2,4,8,7,6,3,0
36,2,530,2,3,1,1,1,967,3,1,51,2,3,7,4,1,10325,5518,1,0,1,11,3,1,80,1,16,6,3,16,7,3,7,1
33,2,1069,1,1,3,1,1,969,2,0,42,2,2,0,4,2,6949,12291,0,0,0,14,3,1,80,0,6,3,3,5,0,1,4,0
37,2,625,2,1,4,1,1,970,1,1,46,2,3,7,3,1,10609,14922,5,0,0,11,3,3,80,0,17,2,1,14,1,11,7,1
45,0,805,1,4,2,1,1,972,3,1,57,3,2,2,2,1,4447,23163,1,0,0,12,3,2,80,0,9,5,2,9,7,0,8,0
29,1,1404,2,20,3,5,1,974,3,0,84,3,1,8,4,1,2157,18203,1,0,0,15,3,2,80,1,3,5,3,3,1,0,2,0
35,2,1219,2,18,3,3,1,975,3,0,86,3,2,7,3,1,4601,6179,1,0,0,16,3,2,80,0,5,3,3,5,2,1,0,0
52,2,1053,1,1,2,1,1,976,4,1,70,3,4,3,4,1,17099,13829,2,0,0,15,3,2,80,1,26,2,2,9,8,7,8,0
58,2,289,1,2,3,5,1,977,4,1,51,3,1,6,3,2,2479,26227,4,0,0,24,4,1,80,0,7,4,3,1,0,0,0,1
53,2,1376,2,2,2,3,1,981,3,1,45,3,4,3,3,0,14852,13938,6,0,0,13,3,3,80,1,22,3,4,17,13,15,2,0
30,2,231,2,8,2,4,1,982,3,1,62,3,3,7,3,0,7264,9977,5,0,0,11,3,1,80,1,10,2,4,8,4,7,7,0
38,0,152,2,10,3,5,1,983,3,0,85,3,2,7,4,2,5666,19899,1,0,1,13,3,2,80,0,6,1,3,5,3,1,3,0
35,2,882,2,3,4,1,1,984,4,1,92,3,3,7,4,0,7823,6812,6,0,0,13,3,2,80,1,12,2,3,10,9,0,8,0
39,2,903,2,2,5,1,1,985,1,1,41,4,3,7,3,2,7880,2560,0,0,0,18,3,4,80,0,9,3,3,8,7,0,7,0
40,0,1479,2,24,3,1,1,986,2,0,100,4,4,7,2,2,13194,17071,4,0,1,16,3,4,80,0,22,2,2,1,0,0,0,1
47,1,1379,1,16,4,3,1,987,3,1,64,4,2,4,3,0,5067,6759,1,0,1,19,3,3,80,0,20,3,4,19,10,2,7,0
36,0,1229,2,8,4,5,1,990,1,1,84,3,2,7,4,0,5079,25952,4,0,0,13,3,4,80,2,12,3,3,7,7,0,7,0
31,0,335,1,9,2,3,1,991,3,1,46,2,1,6,1,2,2321,10322,0,0,1,22,4,1,80,0,4,0,3,3,2,1,2,1
33,0,722,2,17,3,1,1,992,4,1,38,3,4,3,3,2,17444,20489,1,0,0,11,3,4,80,0,10,2,3,10,8,6,0,0
29,2,906,1,10,3,1,1,994,4,0,92,2,1,6,1,2,2404,11479,6,0,1,20,4,3,80,0,3,5,3,0,0,0,0,1
33,2,461,1,13,1,1,1,995,2,0,53,3,1,6,4,2,3452,17241,3,0,0,18,3,1,80,0,5,4,3,3,2,0,2,0
45,2,974,1,1,4,3,1,996,4,0,91,3,1,2,4,0,2270,11005,3,0,0,14,3,4,80,2,8,2,3,5,3,0,2,0
50,2,1126,1,1,2,3,1,997,4,1,66,3,4,5,4,0,17399,6615,9,0,0,22,4,3,80,1,32,1,2,5,4,1,3,0
33,1,827,1,1,4,4,1,998,3,0,84,4,2,0,2,1,5488,20161,1,0,1,13,3,1,80,1,6,2,3,6,5,1,2,0
41,1,840,1,9,3,3,1,999,1,1,64,3,5,5,3,0,19419,3735,2,0,0,17,3,2,80,1,21,2,4,18,16,0,11,0
27,2,1134,1,16,4,5,1,1001,3,0,37,3,1,2,2,1,2811,12086,9,0,0,14,3,2,80,1,4,2,3,2,2,2,2,0
45,0,248,1,23,2,1,1,1002,4,1,42,3,2,2,1,1,3633,14039,1,0,1,15,3,3,80,1,9,2,3,9,8,0,8,0
47,2,955,2,4,2,1,1,1003,4,0,83,3,2,7,4,2,4163,8571,1,0,1,17,3,3,80,0,9,0,3,9,0,0,7,0
30,2,138,1,22,3,1,1,1004,1,0,48,3,1,6,3,1,2132,11539,4,0,1,11,3,2,80,0,7,2,3,5,2,0,1,1
50,2,939,1,24,3,1,1,1005,4,1,95,3,4,4,3,1,13973,4161,3,0,1,18,3,4,80,1,22,2,3,12,11,1,5,0
38,1,1391,1,10,1,3,1,1006,3,1,66,3,1,6,3,1,2684,12127,0,0,0,17,3,2,80,1,3,0,2,2,1,0,2,0
46,2,566,1,7,2,3,1,1007,4,1,75,3,3,4,3,0,10845,24208,6,0,0,13,3,2,80,1,13,3,3,8,7,0,7,0
24,2,1206,1,17,1,3,1,1009,4,0,41,2,2,4,3,0,4377,24117,1,0,0,15,3,2,80,2,5,6,3,4,2,3,2,0
35,2,622,1,14,4,4,1,1010,3,1,39,2,1,2,2,0,3743,10074,1,0,1,24,4,4,80,1,5,2,1,4,2,0,2,1
31,1,853,1,1,1,1,1,1011,3,0,96,3,2,4,1,1,4148,11275,1,0,0,12,3,3,80,1,4,1,3,4,3,0,3,0
18,0,287,1,5,2,1,1,1012,2,1,73,3,1,6,4,2,1051,13493,1,0,0,15,3,4,80,0,0,2,3,0,0,0,0,0
54,2,1441,1,17,3,5,1,1013,3,0,56,3,3,4,3,1,10739,13943,8,0,0,11,3,3,80,1,22,2,3,10,7,0,8,0
35,2,583,1,25,4,3,1,1014,3,0,57,3,3,0,3,0,10388,6975,1,0,1,11,3,3,80,1,16,3,2,16,10,10,1,0
30,2,153,1,8,2,1,1,1015,2,0,73,4,3,5,1,1,11416,17802,0,0,1,12,3,3,80,3,9,4,2,8,7,1,7,0
20,2,1097,1,11,3,3,1,1016,4,0,98,2,1,6,1,2,2600,18275,1,0,1,15,3,1,80,0,1,2,3,1,0,0,0,1
30,1,109,1,5,3,3,1,1017,2,0,60,3,1,2,2,2,2422,25725,0,0,0,17,3,1,80,0,4,3,3,3,2,1,2,1
26,2,1066,1,2,2,3,1,1018,4,1,32,4,2,4,4,1,5472,3334,1,0,0,12,3,2,80,0,8,2,3,8,7,1,3,0
22,2,217,1,8,1,1,1,1019,2,1,94,1,1,2,1,1,2451,6881,1,0,0,15,3,1,80,1,4,3,2,4,3,1,1,0
48,2,277,1,6,3,1,1,1022,1,1,97,2,2,0,3,2,4240,13119,2,0,0,13,3,4,80,0,19,0,3,2,2,2,2,0
48,2,1355,1,4,4,1,1,1024,3,1,78,2,3,0,3,2,10999,22245,7,0,0,14,3,2,80,0,27,3,3,15,11,4,8,0
41,2,549,1,7,2,3,1,1025,4,0,42,3,2,4,3,2,5003,23371,6,0,0,14,3,2,80,0,8,6,3,2,2,2,1,0
39,2,466,1,1,1,1,1,1026,4,0,65,2,4,4,4,1,12742,7060,1,0,0,16,3,3,80,1,21,3,3,21,6,11,8,0
27,2,1055,1,2,4,1,1,1027,1,0,47,3,2,4,4,1,4227,4658,0,0,0,18,3,2,80,1,4,2,3,3,2,2,2,0
35,2,802,1,10,3,4,1,1028,2,1,45,3,1,2,4,0,3917,9541,1,0,0,20,4,1,80,1,3,4,2,3,2,1,2,0
42,2,265,2,5,2,2,1,1029,4,1,90,3,5,3,3,1,18303,7770,6,0,0,13,3,2,80,0,21,3,4,1,0,0,0,0
50,2,804,1,9,3,1,1,1030,1,1,64,3,1,2,4,1,2380,20165,4,0,0,18,3,2,80,0,8,5,3,1,0,0,0,0
59,2,715,1,2,3,1,1,1032,3,0,69,2,4,4,4,2,13726,21829,3,0,1,13,3,1,80,0,30,4,3,5,3,4,3,0
37,2,1141,1,11,2,3,1,1033,1,0,61,1,2,0,2,1,4777,14382,5,0,0,15,3,1,80,0,15,2,1,1,0,0,0,1
55,1,135,1,18,4,3,1,1034,3,1,62,3,2,0,2,1,6385,12992,3,0,1,14,3,4,80,2,17,3,3,8,7,6,7,0
41,0,247,1,7,1,1,1,1035,2,0,55,1,5,5,3,0,19973,20284,1,0,0,22,4,2,80,2,21,3,3,21,16,5,10,0
38,2,1035,2,3,4,1,1,1036,2,1,42,3,2,7,4,2,6861,4981,8,0,1,12,3,3,80,0,19,1,3,1,0,0,0,0
26,0,265,2,29,2,3,1,1037,2,1,79,1,2,7,1,2,4969,21813,8,0,0,18,3,4,80,0,7,6,3,2,2,2,2,1
52,2,266,2,2,1,2,1,1038,1,0,57,1,5,3,4,1,19845,25846,1,0,0,15,3,4,80,1,33,3,3,32,14,6,9,1
44,2,1448,2,28,3,3,1,1039,4,0,53,4,4,7,4,1,13320,11737,3,0,1,18,3,3,80,1,23,2,3,12,11,11,11,0
50,0,145,2,1,3,1,1,1040,4,0,95,3,2,7,3,1,6347,24920,0,0,0,12,3,1,80,1,19,3,3,18,7,0,13,0
36,2,885,1,16,4,1,1,1042,3,0,43,4,1,2,1,2,2743,8269,1,0,0,16,3,3,80,0,18,1,3,17,13,15,14,1
39,1,945,1,22,3,3,1,1043,4,0,82,3,3,4,1,2,10880,5083,1,0,1,13,3,3,80,0,21,2,3,21,6,2,8,0
33,0,1038,2,8,1,1,1,1044,2,0,88,2,1,8,4,2,2342,21437,0,0,0,19,3,4,80,0,3,2,2,2,2,2,2,0
45,2,1234,2,11,2,1,1,1045,4,0,90,3,4,3,4,1,17650,5404,3,0,0,13,3,2,80,1,26,4,4,9,3,1,1,0
32,0,1109,1,29,4,3,1,1046,4,0,69,3,1,2,3,2,4025,11135,9,0,0,12,3,2,80,0,10,2,3,8,7,7,7,0
34,2,216,2,1,4,2,1,1047,2,1,75,4,2,7,4,0,9725,12278,0,0,0,11,3,4,80,1,16,2,2,15,1,0,9,0
59,2,1089,2,1,2,5,1,1048,2,1,66,3,3,3,4,1,11904,11038,3,0,1,14,3,3,80,1,14,1,1,6,4,0,4,0
45,2,788,0,24,4,3,1,1049,2,1,36,3,1,1,2,2,2177,8318,1,0,0,16,3,1,80,0,6,3,3,6,3,0,4,0
53,1,124,2,2,3,2,1,1050,3,0,38,2,3,7,2,1,7525,23537,2,0,0,12,3,1,80,1,30,2,3,15,7,6,12,0
36,2,660,1,15,3,4,1,1052,1,1,81,3,2,2,3,0,4834,7858,7,0,0,14,3,2,80,1,9,3,2,1,0,0,0,1
26,1,342,1,2,3,1,1,1053,1,1,57,3,1,6,1,1,2042,15346,6,0,1,14,3,2,80,1,6,2,3,3,2,1,2,1
34,2,1333,2,10,4,1,1,1055,3,0,87,3,1,8,3,1,2220,18410,1,0,1,19,3,4,80,1,1,2,3,1,1,0,0,0
28,2,1144,2,10,1,3,1,1056,4,1,74,3,1,8,2,1,1052,23384,1,0,0,22,4,2,80,0,1,5,3,1,0,0,0,0
38,1,1186,1,3,4,4,1,1060,3,1,44,3,1,6,3,1,2821,2997,3,0,0,16,3,1,80,1,8,2,3,2,2,2,2,0
50,2,1464,1,2,4,3,1,1061,2,1,62,3,5,5,3,1,19237,12853,2,0,1,11,3,4,80,1,29,2,2,8,1,7,7,0
37,2,124,1,3,3,4,1,1062,4,0,35,3,2,0,2,2,4107,13848,3,0,0,15,3,1,80,0,8,3,2,4,3,0,1,0
40,2,300,2,26,3,2,1,1066,3,1,74,3,2,7,1,1,8396,22217,1,0,0,14,3,2,80,1,8,3,2,7,7,7,5,0
26,1,921,1,1,1,3,1,1068,1,0,66,2,1,6,3,0,2007,25265,1,0,0,13,3,3,80,2,5,5,3,5,3,1,3,0
46,2,430,1,1,4,3,1,1069,4,1,40,3,5,5,4,0,19627,21445,9,0,0,17,3,4,80,2,23,0,3,2,2,2,2,0
54,2,1082,2,2,4,1,1,1070,3,0,41,2,3,7,3,1,10686,8392,6,0,0,11,3,2,80,1,13,4,3,9,4,7,0,0
56,1,1240,1,9,3,3,1,1071,1,0,63,3,1,6,3,1,2942,12154,2,0,0,19,3,2,80,1,18,4,3,5,4,0,3,0
36,2,796,1,12,5,3,1,1073,4,0,51,2,3,4,4,2,8858,15669,0,0,0,11,3,2,80,0,15,2,2,14,8,7,8,0
55,0,444,1,2,1,3,1,1074,3,1,40,2,4,3,1,2,16756,17323,7,0,0,15,3,2,80,0,31,3,4,9,7,6,2,0
43,2,415,2,25,3,3,1,1076,3,1,79,2,3,7,4,0,10798,5268,5,0,0,13,3,3,80,1,18,5,3,1,0,0,0,0
20,1,769,2,9,3,2,1,1077,4,0,54,3,1,8,4,2,2323,17205,1,0,1,14,3,2,80,0,2,3,3,2,2,0,2,1
21,2,1334,1,10,3,1,1,1079,3,0,36,2,1,2,1,2,1416,17258,1,0,0,13,3,1,80,0,1,6,2,1,0,1,0,1
46,2,1003,1,8,4,1,1,1080,4,0,74,2,2,6,1,0,4615,21029,8,0,1,23,4,1,80,3,19,2,3,16,13,1,7,0
51,2,1323,1,4,4,1,1,1081,1,1,34,3,1,6,3,1,2461,10332,9,0,1,12,3,3,80,3,18,2,4,10,0,2,7,1
28,0,1366,1,24,2,5,1,1082,2,1,72,2,3,0,1,2,8722,12355,1,0,0,12,3,1,80,0,10,2,2,10,7,1,9,1
26,2,192,1,1,2,3,1,1083,1,1,59,2,1,2,1,1,3955,11141,1,0,0,16,3,1,80,2,6,2,3,5,3,1,3,0
30,2,1176,1,20,3,4,1,1084,3,1,85,3,2,4,1,1,9957,9096,0,0,0,15,3,3,80,1,7,1,2,6,2,0,2,0
41,2,509,1,7,2,5,1,1085,2,0,43,4,1,6,3,1,3376,18863,1,0,0,13,3,3,80,0,10,3,3,10,6,0,8,0
38,2,330,1,17,1,1,1,1088,3,0,65,2,3,0,3,1,8823,24608,0,0,0,18,3,1,80,1,20,4,2,19,9,1,9,0
40,2,1492,1,20,4,5,1,1092,1,1,61,3,3,0,4,1,10322,26542,4,0,0,20,4,4,80,1,14,6,3,11,10,11,1,0
27,0,1277,1,8,5,1,1,1094,1,1,87,1,1,2,3,1,4621,5869,1,0,0,19,3,4,80,3,3,4,3,3,2,1,2,0
55,1,1091,1,2,1,1,1,1096,4,1,65,3,3,4,2,1,10976,15813,3,0,0,18,3,2,80,1,23,4,3,3,2,1,2,0
28,2,857,1,10,3,4,1,1097,3,0,59,3,2,6,3,2,3660,7909,3,0,0,13,3,4,80,0,10,4,4,8,7,1,7,0
44,2,1376,0,1,2,3,1,1098,2,1,91,2,3,1,1,1,10482,2326,9,0,0,14,3,4,80,1,24,1,3,20,6,3,6,1
33,2,654,1,5,3,1,1,1099,4,1,34,2,3,0,4,0,7119,21214,4,0,0,15,3,3,80,1,9,2,3,3,2,1,2,0
35,2,1204,2,4,3,5,1,1100,4,1,86,3,3,7,1,2,9582,10333,0,0,1,22,4,1,80,0,9,2,3,8,7,4,7,1
33,1,827,1,29,4,3,1,1101,1,0,54,2,2,6,3,2,4508,3129,1,0,0,22,4,2,80,0,14,4,3,13,7,3,8,1
28,2,895,1,15,2,1,1,1102,1,1,50,3,1,2,3,0,2207,22482,1,0,0,16,3,4,80,1,4,5,2,4,2,2,2,0
34,1,618,1,3,1,1,1,1103,1,1,45,3,2,0,4,2,7756,22266,0,0,0,17,3,3,80,0,7,1,2,6,2,0,4,0
37,2,309,2,10,4,1,1,1105,4,0,88,2,2,7,4,0,6694,24223,2,0,1,14,3,3,80,3,8,5,3,1,0,0,0,0
25,2,1219,1,4,1,5,1,1106,4,1,32,3,1,2,4,1,3691,4605,1,0,1,15,3,2,80,1,7,3,4,7,7,5,6,1
26,2,1330,1,21,3,3,1,1107,1,1,37,3,1,2,3,0,2377,19373,1,0,0,20,4,3,80,1,1,0,2,1,1,0,0,1
33,2,1017,1,25,3,3,1,1108,1,1,55,2,1,6,2,2,2313,2993,4,0,1,20,4,2,80,0,5,0,3,2,2,2,2,1
42,2,469,1,2,2,3,1,1109,4,1,35,3,4,3,1,1,17665,14399,0,0,0,17,3,4,80,1,23,3,3,22,6,13,7,0
28,1,1009,1,1,3,3,1,1111,1,1,45,2,1,2,2,0,2596,7160,1,0,0,15,3,1,80,2,1,2,3,1,0,0,0,1
50,1,959,2,1,4,4,1,1113,4,1,81,3,2,7,3,2,4728,17251,3,0,1,14,3,4,80,0,5,4,3,0,0,0,0,1
33,1,970,2,7,3,1,1,1114,4,0,30,3,2,7,2,1,4302,13401,0,0,0,17,3,3,80,1,4,3,3,3,2,0,2,0
34,0,697,1,3,4,1,1,1115,3,1,40,2,1,6,4,1,2979,22478,3,0,0,17,3,4,80,3,6,2,3,0,0,0,0,0
48,0,1262,1,1,4,3,1,1116,1,1,35,4,4,3,4,2,16885,16154,2,0,0,22,4,3,80,0,27,3,2,5,4,2,1,0
45,0,1050,2,9,4,1,1,1117,2,0,65,2,2,7,3,1,5593,17970,1,0,0,13,3,4,80,1,15,2,3,15,10,4,12,0
52,2,994,1,7,4,1,1,1118,2,1,87,3,3,0,2,2,10445,15322,7,0,0,19,3,4,80,0,18,4,3,8,6,4,0,0
38,2,770,2,10,4,2,1,1119,3,1,73,2,3,7,3,0,8740,5569,0,0,1,14,3,2,80,2,9,2,3,8,7,2,7,0
29,2,1107,1,28,4,1,1,1120,3,0,93,3,1,6,4,0,2514,26968,4,0,0,22,4,1,80,1,11,1,3,7,5,1,7,0
28,2,950,1,3,3,3,1,1121,4,0,93,3,3,4,2,0,7655,8039,0,0,0,17,3,2,80,3,10,3,2,9,7,1,7,0
46,2,406,2,3,1,2,1,1124,1,1,52,3,4,3,3,1,17465,15596,3,0,0,12,3,4,80,1,23,3,3,12,9,4,9,0
38,2,130,2,2,2,2,1,1125,4,1,32,3,3,7,2,2,7351,20619,7,0,0,16,3,3,80,0,10,2,3,1,0,0,0,0
43,1,1082,1,27,3,1,1,1126,3,0,83,3,3,4,1,1,10820,11535,8,0,0,11,3,3,80,1,18,1,3,8,7,0,1,0
39,1,203,1,2,3,1,1,1127,1,1,84,3,4,0,4,0,12169,13547,7,0,0,11,3,4,80,3,21,4,3,18,7,11,5,1
40,2,1308,1,14,3,3,1,1128,3,1,44,2,5,5,3,2,19626,17544,1,0,0,14,3,1,80,0,21,2,4,20,7,4,9,0
21,2,984,1,1,1,5,1,1131,4,0,70,2,1,6,2,2,2070,25326,1,0,1,11,3,3,80,0,2,6,4,2,2,2,2,0
39,0,439,1,9,3,1,1,1132,3,1,70,3,2,2,2,2,6782,8770,9,0,0,15,3,3,80,0,9,2,2,5,4,0,3,0
36,0,217,1,18,4,1,1,1133,1,1,78,3,2,4,4,2,7779,23238,2,0,0,20,4,1,80,0,18,0,3,11,9,0,9,0
31,1,793,2,20,3,1,1,1135,3,1,67,4,1,8,4,1,2791,21981,0,0,0,12,3,1,80,1,3,4,3,2,2,2,2,0
28,2,1451,1,2,1,1,1,1136,1,1,67,2,1,6,2,1,3201,19911,0,0,0,17,3,1,80,0,6,2,1,5,3,0,4,0
35,1,1182,2,11,2,2,1,1137,4,1,54,3,2,7,4,0,4968,18500,1,0,0,11,3,4,80,1,5,3,3,5,2,0,2,0
49,2,174,2,8,4,5,1,1138,4,1,56,2,4,7,2,1,13120,11879,6,0,0,17,3,2,80,1,22,3,3,9,8,2,3,0
34,1,1003,1,2,2,1,1,1140,4,1,95,3,2,4,3,2,4033,15834,2,0,0,11,3,4,80,0,5,3,2,3,2,0,2,0
29,1,490,1,10,3,1,1,1143,4,0,61,3,1,6,2,0,3291,17940,0,0,0,14,3,4,80,2,8,2,2,7,5,1,1,0
42,2,188,1,29,3,3,1,1148,2,1,56,1,2,2,4,2,4272,9558,4,0,0,19,3,1,80,0,16,3,3,1,0,0,0,0
29,2,718,1,8,1,3,1,1150,2,1,79,2,2,4,4,1,5056,17689,1,0,1,15,3,3,80,1,10,2,2,10,7,1,2,0
38,2,433,0,1,3,0,1,1152,3,1,37,4,1,1,3,1,2844,6004,1,0,0,13,3,4,80,1,7,2,4,7,6,5,0,0
28,1,773,1,6,3,1,1,1154,3,1,39,2,1,6,3,0,2703,22088,1,0,1,14,3,4,80,1,3,2,3,3,1,0,2,0
18,0,247,1,8,1,3,1,1156,3,1,80,3,1,2,3,2,1904,13556,1,0,0,12,3,4,80,0,0,0,3,0,0,0,0,1
33,2,603,2,9,4,2,1,1157,1,0,77,3,2,7,1,2,8224,18385,0,0,1,17,3,1,80,0,6,3,3,5,2,0,3,1
41,2,167,1,12,4,1,1,1158,2,1,46,3,1,2,4,1,4766,9051,3,0,1,11,3,1,80,1,6,4,3,1,0,0,0,0
31,1,874,1,15,3,3,1,1160,3,1,72,3,1,2,3,1,2610,6233,1,0,0,12,3,3,80,1,2,5,2,2,2,2,2,1
37,2,367,1,25,2,3,1,1161,3,0,52,2,2,0,4,0,5731,17171,7,0,0,13,3,3,80,2,9,2,3,6,2,1,3,0
27,2,199,1,6,3,1,1,1162,4,1,55,2,1,6,3,1,2539,7950,1,0,0,13,3,3,80,1,4,0,3,4,2,2,2,0
34,2,1400,2,9,1,1,1,1163,2,0,70,3,2,7,3,1,5714,5829,1,0,0,20,4,1,80,0,6,3,2,6,5,1,3,0
35,2,528,0,8,4,5,1,1164,3,1,100,3,1,1,3,2,4323,7108,1,0,0,17,3,2,80,0,6,2,1,5,4,1,4,0
29,2,408,2,23,1,1,1,1165,4,0,45,2,3,7,1,1,7336,11162,1,0,0,13,3,1,80,1,11,3,1,11,8,3,10,1
40,1,593,1,9,4,3,1,1166,2,0,88,3,3,5,3,2,13499,13782,9,0,0,17,3,3,80,0,20,3,2,18,7,2,13,0
42,1,481,2,12,3,1,1,1167,3,1,44,3,4,7,1,2,13758,2447,0,0,1,12,3,2,80,0,22,2,2,21,9,13,14,1
42,2,647,2,4,4,2,1,1171,2,1,45,3,2,7,1,2,5155,2253,7,0,0,13,3,4,80,0,9,3,4,6,4,1,5,0
35,2,982,1,1,4,3,1,1172,4,1,58,2,1,2,3,1,2258,16340,6,0,0,12,3,2,80,1,10,2,3,8,0,1,7,0
24,2,477,1,24,3,3,1,1173,4,1,49,3,1,2,2,2,3597,6409,8,0,0,22,4,4,80,0,6,2,3,4,3,1,2,0
28,2,1485,1,12,1,1,1,1175,3,0,79,3,1,2,4,1,2515,22955,1,0,1,11,3,4,80,0,1,4,2,1,1,0,0,1
26,2,1384,1,3,4,3,1,1177,1,1,82,4,1,2,4,1,4420,13421,1,0,0,22,4,2,80,1,8,2,3,8,7,0,7,0
30,2,852,2,10,3,2,1,1179,3,1,72,2,2,7,3,1,6578,2706,1,0,0,18,3,1,80,1,10,3,3,10,3,1,4,0
40,1,902,1,26,2,3,1,1180,3,0,92,2,2,6,4,1,4422,21203,3,0,1,13,3,4,80,1,16,3,1,1,1,0,0,0
35,2,819,1,2,3,1,1,1182,3,1,44,2,3,4,2,0,10274,19588,2,0,0,18,3,2,80,1,15,2,4,7,7,6,4,0
34,1,669,1,1,3,3,1,1184,4,1,97,2,2,0,1,2,5343,25755,0,0,0,20,4,3,80,0,14,3,3,13,9,4,9,0
35,1,636,1,4,4,4,1,1185,4,1,47,2,1,2,4,1,2376,26537,1,0,0,13,3,2,80,1,2,2,4,2,2,2,2,0
43,2,1372,2,9,3,2,1,1188,1,0,85,1,2,7,3,2,5346,9489,8,0,0,13,3,2,80,0,7,2,2,4,3,1,3,1
32,0,862,2,2,1,1,1,1190,3,0,76,3,1,8,1,0,2827,14947,1,0,0,12,3,3,80,3,1,3,3,1,0,0,0,0
56,2,718,1,4,4,5,1,1191,4,0,92,3,5,3,1,0,19943,18575,4,0,0,13,3,4,80,1,28,2,3,5,2,4,2,0
29,2,1401,1,6,1,3,1,1192,2,0,54,3,1,2,4,1,3131,26342,1,0,0,13,3,1,80,1,10,5,3,10,8,0,8,0
19,2,645,1,9,2,1,1,1193,3,1,54,3,1,6,1,2,2552,7172,1,0,0,25,4,3,80,0,1,4,3,1,1,0,0,0
45,2,1457,1,7,3,3,1,1195,1,0,83,3,1,6,3,1,4477,20100,4,0,1,19,3,3,80,1,7,2,2,3,2,0,2,0
37,2,977,1,1,3,1,1,1196,4,0,56,2,2,4,4,1,6474,9961,1,0,0,13,3,2,80,1,14,2,2,14,8,3,11,0
20,2,805,1,3,3,1,1,1198,1,1,87,2,1,2,3,2,3033,12828,1,0,0,12,3,1,80,0,2,2,2,2,2,1,2,0
44,2,1097,1,10,4,1,1,1200,3,1,96,3,1,6,3,2,2936,10826,1,0,1,11,3,3,80,0,6,4,3,6,4,0,2,1
53,2,1223,1,7,2,3,1,1201,4,0,50,3,5,3,3,0,18606,18640,3,0,0,18,3,2,80,1,26,6,3,7,7,4,7,0
29,2,942,1,15,1,1,1,1202,2,0,69,1,1,6,4,1,2168,26933,0,0,1,18,3,1,80,1,6,2,2,5,4,1,3,0
22,1,1256,1,3,4,1,1,1203,3,1,48,2,1,6,4,1,2853,4223,0,0,1,11,3,2,80,1,1,5,3,0,0,0,0,1
46,2,1402,2,2,3,2,1,1204,3,0,69,3,4,3,1,1,17048,24097,8,0,0,23,4,1,80,0,28,2,3,26,15,15,9,0
44,0,111,1,17,3,1,1,1206,4,1,74,1,1,6,3,2,2290,4279,2,0,0,13,3,4,80,0,6,3,3,0,0,0,0,0
33,2,147,0,2,3,0,1,1207,2,1,99,3,1,1,3,1,3600,8429,1,0,0,13,3,4,80,1,5,2,3,5,4,1,4,0
41,0,906,1,5,2,1,1,1210,1,1,95,2,1,6,1,0,2107,20293,6,0,0,17,3,1,80,1,5,2,1,1,0,0,0,1
30,2,1329,2,29,4,1,1,1211,3,1,61,3,2,7,1,0,4115,13192,8,0,0,19,3,3,80,3,8,3,3,4,3,0,3,0
40,1,1184,2,2,4,3,1,1212,2,1,62,3,2,7,2,1,4327,25440,5,0,0,12,3,4,80,3,5,2,3,0,0,0,0,0
50,1,1421,1,2,3,3,1,1215,4,0,30,3,4,3,1,1,17856,9490,2,0,0,22,4,3,80,1,32,3,3,2,2,2,2,0
28,2,1179,1,19,4,3,1,1216,4,1,78,2,1,2,1,1,3196,12449,1,0,0,12,3,3,80,3,6,2,3,6,5,3,3,0
46,2,1450,1,15,2,1,1,1217,4,1,52,3,5,5,2,1,19081,10849,5,0,0,11,3,1,80,1,25,2,3,4,2,0,3,0
35,2,1361,2,17,4,1,1,1218,3,1,94,3,2,7,1,1,8966,21026,3,0,1,15,3,4,80,3,15,2,3,7,7,1,7,0
24,2,984,1,17,2,1,1,1219,4,0,97,3,1,2,2,1,2210,3372,1,0,0,13,3,1,80,1,1,3,1,1,0,0,0,1
33,1,1146,2,25,3,3,1,1220,2,0,82,3,2,7,3,1,4539,4905,1,0,0,12,3,1,80,1,10,3,2,10,7,0,1,0
36,2,917,1,6,4,1,1,1221,3,1,60,1,1,2,3,0,2741,6865,1,0,0,14,3,3,80,1,7,4,3,7,7,1,7,0
30,2,853,1,7,4,1,1,1224,3,1,49,3,2,2,3,0,3491,11309,1,0,0,13,3,1,80,3,10,4,2,10,7,8,9,0
44,2,200,1,29,4,4,1,1225,4,1,32,3,2,6,4,2,4541,7744,1,0,0,25,4,2,80,0,20,3,3,20,11,13,17,0
20,2,654,2,21,3,2,1,1226,3,1,43,4,1,8,4,2,2678,5050,1,0,0,17,3,4,80,0,2,2,3,2,1,2,2,0
46,2,150,1,2,4,5,1,1228,4,1,60,3,2,4,4,0,7379,17433,2,0,0,11,3,3,80,1,12,3,2,6,3,1,4,0
42,0,179,0,2,5,3,1,1231,4,1,79,4,2,1,1,1,6272,12858,7,0,0,16,3,1,80,1,10,3,4,4,3,0,3,0
60,2,696,2,7,4,2,1,1233,2,1,52,4,2,7,4,0,5220,10893,0,0,1,18,3,2,80,1,12,3,3,11,7,1,9,0
32,1,116,1,13,3,4,1,1234,3,0,77,2,1,2,2,1,2743,7331,1,0,0,20,4,3,80,1,2,2,3,2,2,2,2,0
32,1,1316,1,2,2,1,1,1235,4,0,38,3,2,6,3,2,4998,2338,4,0,1,14,3,4,80,0,10,2,3,8,7,0,7,0
36,2,363,1,1,3,5,1,1237,3,0,77,1,3,4,1,0,10252,4235,2,0,1,21,4,3,80,1,17,2,3,7,7,7,7,0
33,2,117,1,9,3,3,1,1238,1,1,60,3,1,6,4,1,2781,6311,0,0,0,13,3,2,80,1,15,5,3,14,10,4,10,0
40,2,107,2,10,3,5,1,1239,2,0,84,2,2,7,2,0,6852,11591,7,0,0,12,3,2,80,1,7,2,4,5,1,1,3,0
25,2,1356,2,10,4,1,1,1240,3,1,57,3,2,7,4,2,4950,20623,0,0,0,14,3,2,80,0,5,4,3,4,3,1,1,0
30,2,1465,1,1,3,3,1,1241,4,1,63,3,1,6,2,1,3579,9369,0,0,1,21,4,1,80,1,12,2,3,11,9,5,7,0
42,1,458,1,26,5,3,1,1242,1,0,60,3,3,5,1,1,13191,23281,3,0,1,17,3,3,80,0,20,6,3,1,0,0,0,0
35,0,1212,2,8,2,2,1,1243,3,0,78,2,3,7,4,1,10377,13755,4,0,1,11,3,2,80,1,16,6,2,13,2,4,12,0
27,2,1103,1,14,3,1,1,1244,1,1,42,3,1,6,1,1,2235,14377,1,0,1,14,3,4,80,2,9,3,2,9,7,6,8,0
54,1,966,1,1,4,1,1,1245,4,0,53,3,3,4,3,0,10502,9659,7,0,0,17,3,1,80,1,33,2,1,5,4,1,4,0
44,2,1117,1,2,1,1,1,1246,1,0,72,4,1,6,4,1,2011,19982,1,0,0,13,3,4,80,1,10,5,3,10,5,7,7,0
19,0,504,1,10,3,3,1,1248,1,0,96,2,1,6,2,2,1859,6148,1,0,1,25,4,2,80,0,1,2,4,1,1,0,0,1
29,2,1010,1,1,3,1,1,1249,1,0,97,3,1,6,4,0,3760,5598,1,0,0,15,3,1,80,3,3,5,3,3,2,1,2,0
54,2,685,1,3,3,1,1,1250,4,1,85,3,4,5,4,1,17779,23474,3,0,0,14,3,1,80,0,36,2,3,10,9,0,9,0
31,2,1332,1,11,2,3,1,1251,3,1,80,3,2,0,1,1,6833,17089,1,0,1,12,3,4,80,0,6,2,2,6,5,0,1,0
31,2,1062,1,24,3,3,1,1252,3,0,96,2,2,0,1,2,6812,17198,1,0,0,19,3,2,80,0,10,2,3,10,9,1,8,0
59,2,326,2,3,3,1,1,1254,3,0,48,2,2,7,4,2,5171,16490,5,0,0,17,3,4,80,0,13,2,3,6,1,0,5,0
43,2,920,1,3,3,1,1,1255,3,1,96,1,5,5,4,1,19740,18625,3,0,0,14,3,2,80,1,25,2,3,8,7,0,7,0
49,2,1098,1,4,2,3,1,1256,1,1,85,2,5,3,3,1,18711,12124,2,0,0,13,3,3,80,1,23,2,4,1,0,0,0,0
36,1,469,1,3,3,5,1,1257,3,1,46,3,1,6,2,1,3692,9256,1,0,0,12,3,3,80,0,12,2,2,11,10,0,7,0
48,2,969,1,2,2,5,1,1258,4,1,76,4,1,2,2,2,2559,16620,5,0,0,11,3,3,80,0,7,4,2,1,0,0,0,0
27,2,1167,1,4,2,1,1,1259,1,1,76,3,1,6,3,0,2517,3208,1,0,0,11,3,2,80,3,5,2,3,5,3,0,3,0
29,2,1329,1,7,3,1,1,1260,3,1,82,3,2,0,4,0,6623,4204,1,0,1,11,3,2,80,2,6,2,3,6,0,1,0,0
48,2,715,1,1,3,1,1,1263,4,1,76,2,5,5,4,2,18265,8733,6,0,0,12,3,3,80,0,25,3,4,1,0,0,0,0
29,2,694,1,1,3,1,1,1264,4,0,87,2,4,5,4,0,16124,3423,3,0,0,14,3,2,80,2,9,2,2,7,7,1,7,0
34,2,1320,1,20,3,5,1,1265,3,0,89,4,1,6,3,1,2585,21643,0,0,0,17,3,4,80,0,2,5,2,1,0,0,0,0
44,2,1099,2,5,3,2,1,1267,2,1,88,3,5,3,2,1,18213,8751,7,0,0,11,3,3,80,1,26,5,3,22,9,3,10,0
33,2,536,2,10,5,2,1,1268,4,1,82,4,3,7,3,0,8380,21708,0,0,1,14,3,4,80,2,10,3,3,9,8,0,8,0
19,2,265,1,25,3,1,1,1269,2,0,57,4,1,6,4,2,2994,21221,1,0,1,12,3,4,80,0,1,2,3,1,0,0,1,0
23,2,373,1,1,2,1,1,1270,4,1,47,3,1,6,3,1,1223,16901,1,0,0,22,4,4,80,1,1,2,3,1,0,0,1,0
25,1,599,2,24,1,1,1,1273,3,1,73,1,1,8,4,2,1118,8040,1,0,1,14,3,4,80,0,1,4,3,1,0,1,0,1
26,2,583,1,4,2,1,1,1275,3,1,53,3,1,6,4,2,2875,9973,1,0,1,20,4,2,80,0,8,2,2,8,5,2,2,0
45,2,1449,2,2,3,2,1,1277,1,0,94,1,5,3,2,2,18824,2493,2,0,1,16,3,1,80,0,26,2,3,24,10,1,11,1
55,0,177,1,8,1,3,1,1278,4,1,37,2,4,0,2,0,13577,25592,1,0,1,15,3,4,80,1,34,3,3,33,9,15,0,0
21,1,251,1,10,2,1,1,1279,1,0,45,2,1,2,3,2,2625,25308,1,0,0,20,4,3,80,0,2,2,1,2,2,2,2,1
46,2,168,2,4,2,2,1,1280,4,0,33,2,5,3,2,1,18789,9946,2,0,0,14,3,3,80,1,26,2,3,11,4,0,8,0
34,2,131,2,2,3,2,1,1281,3,0,86,3,2,7,1,2,4538,6039,0,0,1,12,3,4,80,0,4,3,3,3,2,0,2,0
51,1,237,2,9,3,1,1,1282,4,1,83,3,5,3,2,0,19847,19196,4,0,1,24,4,1,80,1,31,5,2,29,10,11,10,0
59,2,1429,1,18,4,3,1,1283,4,1,67,3,3,4,4,2,10512,20002,6,0,0,12,3,4,80,0,25,6,2,9,7,5,4,0
34,1,135,1,19,3,3,1,1285,3,0,46,3,2,2,2,0,4444,22534,4,0,0,13,3,3,80,2,15,2,4,11,8,5,10,0
28,1,791,1,1,4,3,1,1286,4,1,44,3,1,2,3,2,2154,6842,0,0,1,11,3,3,80,0,5,2,2,4,2,0,2,0
44,2,1199,1,4,2,1,1,1288,3,1,92,4,5,3,1,0,19190,17477,1,0,0,14,3,4,80,2,26,4,2,25,9,14,13,0
34,1,648,0,11,3,1,1,1289,3,1,56,2,2,1,2,1,4490,21833,4,0,0,11,3,4,80,2,14,5,4,10,9,1,8,0
35,2,735,1,6,1,1,1,1291,3,1,66,3,1,6,3,1,3506,6020,0,0,1,14,3,4,80,0,4,3,3,3,2,2,2,0
42,2,603,1,7,4,3,1,1292,2,0,78,4,2,6,2,1,2372,5628,6,0,1,16,3,4,80,0,18,2,3,1,0,0,0,0
43,2,531,2,4,4,2,1,1293,4,0,56,2,3,7,4,2,10231,20364,3,0,0,14,3,4,80,0,23,3,4,21,7,15,17,0
36,2,429,1,2,4,1,1,1294,3,0,53,3,2,4,2,2,5410,2323,9,0,1,11,3,4,80,0,18,2,3,16,14,5,12,0
44,2,621,1,15,3,3,1,1295,1,0,73,3,3,0,4,1,7978,14075,1,0,0,11,3,4,80,1,10,2,3,10,7,0,5,1
28,1,193,1,2,3,1,1,1296,4,1,52,2,1,2,4,1,3867,14222,1,0,1,12,3,2,80,1,2,2,3,2,2,2,2,0
51,1,968,1,6,2,3,1,1297,2,0,40,2,1,2,3,2,2838,4257,0,0,0,14,3,2,80,0,8,6,2,7,0,7,7,0
30,0,879,1,9,2,3,1,1298,3,0,72,3,2,4,3,2,4695,12858,7,0,1,18,3,3,80,0,10,3,3,8,4,1,7,0
29,2,806,1,7,3,5,1,1299,2,0,39,3,1,2,3,0,3339,17285,3,0,1,13,3,1,80,2,10,2,3,7,7,7,7,1
28,2,640,1,1,3,5,1,1301,4,1,84,3,1,6,1,2,2080,4732,2,0,0,11,3,2,80,0,5,2,2,3,2,1,2,0
25,2,266,1,1,3,3,1,1303,4,0,40,3,1,6,2,2,2096,18830,1,0,0,18,3,4,80,0,2,3,2,2,2,2,1,0
32,2,604,2,8,3,3,1,1304,3,1,56,4,2,7,4,1,6209,11693,1,0,0,15,3,3,80,2,10,4,4,10,7,0,8,0
45,1,364,1,25,3,3,1,1306,2,0,83,3,5,3,2,2,18061,13035,3,0,0,22,4,3,80,0,22,4,3,0,0,0,0,0
39,2,412,1,13,4,3,1,1307,3,0,94,2,4,3,2,0,17123,17334,6,0,1,13,3,4,80,2,21,4,3,19,9,15,2,0
58,2,848,1,23,4,1,1,1308,1,1,88,3,1,6,3,0,2372,26076,1,0,0,12,3,4,80,2,2,3,3,2,2,2,2,0
32,2,1089,1,7,2,1,1,1309,4,1,79,3,2,2,3,1,4883,22845,1,0,0,18,3,1,80,1,10,3,3,10,4,1,1,1
39,2,360,1,23,3,3,1,1310,3,1,93,3,1,6,1,2,3904,22154,0,0,0,13,3,1,80,0,6,2,3,5,2,0,3,1
30,2,1138,1,6,3,5,1,1311,1,0,48,2,2,2,4,1,4627,23631,0,0,0,12,3,1,80,1,10,6,3,9,2,6,7,0
36,2,325,1,10,4,5,1,1312,4,0,63,3,3,0,3,1,7094,5747,3,0,0,12,3,1,80,0,10,0,3,7,7,1,7,0
46,2,991,0,1,2,1,1,1314,4,0,44,3,1,1,1,2,3423,22957,6,0,0,12,3,3,80,0,10,3,4,7,6,5,7,0
28,0,1476,1,1,3,1,1,1315,3,0,55,1,2,2,4,1,6674,16392,0,0,0,11,3,1,80,3,10,6,3,9,8,7,5,0
50,2,1322,1,28,3,1,1,1317,4,0,43,3,4,5,1,1,16880,22422,4,0,1,11,3,2,80,0,25,2,3,3,2,1,2,0
40,2,299,2,25,4,2,1,1318,4,1,57,2,3,7,2,2,9094,17235,2,0,1,12,3,3,80,0,9,2,3,5,4,1,0,1
52,2,1030,2,5,3,1,1,1319,2,1,64,3,3,7,2,2,8446,21534,9,0,1,19,3,3,80,0,10,2,2,8,7,7,7,1
30,2,634,1,17,4,3,1,1321,2,0,95,3,3,3,1,1,11916,25927,1,0,1,23,4,4,80,2,9,2,3,9,1,0,8,0
39,2,524,1,18,2,1,1,1322,1,1,32,3,2,4,3,2,4534,13352,0,0,0,11,3,1,80,0,9,6,3,8,7,1,7,0
31,0,587,2,2,4,1,1,1324,4,0,57,3,3,7,3,0,9852,8935,1,0,1,19,3,1,80,1,10,5,2,10,8,9,6,0
41,0,256,2,10,2,3,1,1329,3,1,40,1,2,7,2,2,6151,22074,1,0,0,13,3,1,80,0,19,4,3,19,2,11,9,0
31,1,1060,2,1,3,1,1,1331,4,0,54,3,1,8,2,2,2302,8319,1,0,1,11,3,1,80,0,3,2,4,3,2,2,2,1
44,2,935,1,3,3,1,1,1333,1,1,89,3,1,2,1,1,2362,14669,4,0,0,12,3,3,80,0,10,4,4,3,2,1,2,1
42,0,495,1,2,1,1,1,1334,3,1,37,3,4,3,3,1,17861,26582,0,0,1,13,3,4,80,0,21,3,2,20,8,2,10,0
55,2,282,1,2,2,3,1,1336,4,0,58,1,5,3,3,1,19187,6992,4,0,0,14,3,4,80,1,23,5,3,19,9,9,11,0
56,2,206,0,8,4,1,1,1338,4,1,99,3,5,3,2,2,19717,4022,6,0,0,14,3,1,80,0,36,4,3,7,3,7,7,0
40,0,458,1,16,2,1,1,1340,3,1,74,3,1,6,3,0,3544,8532,9,0,0,16,3,2,80,1,6,0,3,4,2,0,0,0
34,2,943,1,9,3,1,1,1344,4,1,86,3,3,0,4,0,8500,5494,0,0,0,11,3,4,80,1,10,0,2,9,7,1,6,0
40,2,523,1,2,3,1,1,1346,3,1,98,3,2,6,4,2,4661,22455,1,0,0,13,3,3,80,0,9,4,3,9,8,8,8,0
41,1,1018,2,1,3,2,1,1349,3,0,66,3,2,7,1,0,4103,4297,0,0,0,17,3,4,80,1,10,2,3,9,3,1,7,0
35,1,482,1,4,4,1,1,1350,3,1,87,3,2,6,3,2,4249,2690,1,0,1,11,3,2,80,0,9,3,3,9,6,1,1,0
51,2,770,0,5,3,1,1,1352,3,1,84,3,4,3,2,0,14026,17588,1,0,1,11,3,2,80,1,33,2,3,33,9,0,10,0
38,2,1009,2,2,2,1,1,1355,2,0,31,3,2,7,1,0,6893,19461,3,0,0,15,3,4,80,1,11,3,3,7,7,1,7,0
34,2,507,2,15,2,3,1,1356,3,0,66,3,2,7,1,2,6125,23553,1,0,0,12,3,4,80,0,10,6,4,10,8,9,6,0
25,2,882,1,19,1,3,1,1358,4,1,67,3,1,2,4,1,3669,9075,3,0,0,11,3,3,80,3,7,6,2,3,2,1,2,0
58,2,601,1,7,4,3,1,1360,3,0,53,2,3,4,1,1,10008,12023,7,0,1,14,3,4,80,0,31,0,2,10,9,5,9,1
40,2,329,1,1,4,1,1,1361,2,1,88,3,1,2,2,1,2387,6762,3,0,0,22,4,3,80,1,7,3,3,4,2,0,3,0
36,1,607,2,7,3,2,1,1362,1,0,83,4,2,7,1,1,4639,2261,2,0,0,16,3,4,80,1,17,2,2,15,7,6,13,0
48,2,855,1,4,3,1,1,1363,4,1,54,3,3,4,4,2,7898,18706,1,0,0,11,3,3,80,0,11,2,3,10,9,0,8,0
27,2,1291,2,11,3,3,1,1364,3,0,98,4,1,8,4,1,2534,6527,8,0,0,14,3,2,80,1,5,4,3,1,0,0,0,0
51,2,1405,1,11,2,5,1,1367,4,0,82,2,4,4,2,2,13142,24439,3,0,0,16,3,2,80,0,29,1,2,5,2,0,3,0
18,0,1124,1,1,3,1,1,1368,4,0,97,3,1,2,4,2,1611,19305,1,0,0,15,3,3,80,0,0,5,4,0,0,0,0,0
35,2,817,1,1,3,3,1,1369,4,0,60,2,2,2,4,1,5363,10846,0,0,0,12,3,2,80,1,10,0,3,9,7,0,0,0
27,1,793,2,2,1,1,1,1371,4,1,43,1,2,7,4,2,5071,20392,3,0,0,20,4,2,80,0,8,3,3,6,2,0,0,0
55,2,267,2,13,4,2,1,1372,1,1,85,4,4,7,3,2,13695,9277,6,0,1,17,3,3,80,0,24,2,2,19,7,3,8,1
56,2,1369,1,23,3,1,1,1373,4,1,68,3,4,4,2,1,13402,18235,4,0,1,12,3,1,80,1,33,0,3,19,16,15,9,0
34,0,999,1,26,1,5,1,1374,1,0,92,2,1,6,3,0,2029,15891,1,0,0,20,4,3,80,3,5,2,3,5,4,0,0,0
40,2,1202,1,2,1,3,1,1375,2,0,89,4,2,0,3,0,6377,13888,5,0,0,20,4,2,80,3,15,0,3,12,11,11,8,0
34,2,285,1,29,3,3,1,1377,2,1,86,3,2,2,3,1,5429,17491,4,0,0,13,3,1,80,2,10,1,3,8,7,7,7,0
31,1,703,2,2,3,1,1,1379,3,0,90,2,1,8,4,2,2785,11882,7,0,0,14,3,3,80,0,3,3,4,1,0,0,0,1
35,1,662,2,18,4,2,1,1380,4,0,67,3,2,7,3,1,4614,23288,0,0,1,18,3,3,80,1,5,0,2,4,2,3,2,1
38,1,693,1,7,3,1,1,1382,4,1,57,4,1,6,3,0,2610,15748,1,0,0,11,3,4,80,3,4,2,3,4,2,0,3,0
34,2,404,1,2,4,5,1,1383,3,0,98,3,2,0,4,2,6687,6163,1,0,0,11,3,4,80,0,14,2,4,14,11,4,11,0
28,2,736,2,26,3,1,1,1387,3,1,48,2,2,7,1,1,4724,24232,1,0,0,11,3,3,80,1,5,0,3,5,3,0,4,0
31,2,330,1,22,4,3,1,1389,4,1,98,3,2,4,3,1,6179,21057,1,0,1,15,3,4,80,2,10,3,2,10,2,6,7,1
39,2,1498,2,21,4,1,1,1390,1,1,44,2,2,7,4,1,6120,3567,3,0,1,12,3,4,80,2,8,2,4,5,4,1,4,0
51,1,541,2,2,3,2,1,1391,2,1,52,3,3,7,2,1,10596,15395,2,0,0,11,3,2,80,0,14,5,3,4,2,3,2,0
41,1,1200,1,22,3,1,1,1392,4,0,75,3,2,6,4,0,5467,13953,3,0,1,14,3,1,80,2,12,4,2,6,2,3,3,0
37,2,1439,1,4,1,1,1,1394,3,1,54,3,1,6,3,1,2996,5182,7,0,1,15,3,4,80,0,8,2,3,6,4,1,3,0
33,1,1111,2,5,1,1,1,1395,2,1,61,3,2,7,4,1,9998,19293,6,0,0,13,3,1,80,0,8,2,4,5,4,1,2,0
32,2,499,2,2,1,2,1,1396,3,1,36,3,2,7,2,1,4078,20497,0,0,1,13,3,1,80,3,4,3,2,3,2,1,2,0
39,0,1485,1,25,2,1,1,1397,3,1,71,3,3,0,3,1,10920,3449,3,0,0,21,4,2,80,1,13,2,3,6,4,0,5,0
25,2,1372,2,18,1,1,1,1399,1,1,93,4,2,7,3,1,6232,12477,2,0,0,11,3,2,80,0,6,3,2,3,2,1,2,0
52,1,322,1,28,2,3,1,1401,4,0,59,4,4,4,3,1,13247,9731,2,0,1,11,3,2,80,1,24,3,2,5,3,0,2,0
43,2,930,1,6,3,3,1,1402,1,0,73,2,2,6,3,2,4081,20003,1,0,1,14,3,1,80,0,20,3,1,20,7,1,8,0
27,2,205,2,10,3,2,1,1403,4,0,98,2,2,7,4,1,5769,7100,1,0,1,11,3,4,80,0,6,3,3,6,2,4,4,0
27,2,135,1,17,4,1,1,1405,4,0,51,3,1,6,3,2,2394,25681,1,0,1,13,3,4,80,0,8,2,3,8,2,7,7,1
26,2,683,1,2,1,3,1,1407,1,1,36,2,1,6,4,2,3904,4050,0,0,0,12,3,4,80,0,5,2,3,4,3,1,1,0
42,2,1147,0,10,3,0,1,1408,3,0,31,3,4,3,1,1,16799,16616,0,0,0,14,3,3,80,1,21,5,3,20,7,0,9,0
52,2,258,1,8,4,4,1,1409,3,0,54,3,1,2,1,1,2950,17363,9,0,0,13,3,3,80,0,12,2,1,5,4,0,4,0
37,2,1462,1,11,3,3,1,1411,1,0,94,3,1,2,3,2,3629,19106,4,0,0,18,3,1,80,0,8,6,3,3,2,0,2,0
35,1,200,1,18,2,1,1,1412,3,1,60,3,3,4,4,2,9362,19944,2,0,0,11,3,3,80,0,10,2,3,2,2,2,2,0
25,2,949,1,1,3,5,1,1415,1,1,81,3,1,2,4,1,3229,4910,4,0,0,11,3,2,80,1,7,2,2,3,2,0,2,0
26,2,652,1,7,3,4,1,1417,3,1,100,4,1,2,1,2,3578,23577,0,0,0,12,3,4,80,0,8,2,3,7,7,0,7,0
29,2,332,0,17,3,4,1,1419,2,1,51,2,3,1,1,2,7988,9769,1,0,0,13,3,1,80,0,10,3,2,10,9,0,9,0
49,1,1475,1,28,2,1,1,1420,1,1,97,2,2,2,1,2,4284,22710,3,0,0,20,4,1,80,0,20,2,3,4,3,1,3,1
29,1,337,1,14,1,4,1,1421,3,0,84,3,3,0,4,2,7553,22930,0,0,1,12,3,1,80,0,9,1,3,8,7,7,7,1
54,2,971,1,1,3,3,1,1422,4,0,54,3,4,5,4,2,17328,5652,6,0,0,19,3,4,80,0,29,3,2,20,7,12,7,0
58,2,1055,1,1,3,3,1,1423,4,0,76,3,5,5,1,1,19701,22456,3,0,1,21,4,3,80,1,32,3,3,9,8,1,5,0
55,2,1136,1,1,4,3,1,1424,2,1,81,4,4,5,4,0,14732,12414,2,0,0,13,3,4,80,2,31,4,4,7,7,0,0,0
36,2,1174,2,3,4,2,1,1425,1,0,99,3,2,7,2,2,9278,20763,3,0,1,16,3,4,80,0,15,3,3,5,4,0,1,0
31,1,667,2,1,4,1,1,1427,2,0,50,1,1,8,3,2,1359,16154,1,0,0,12,3,2,80,0,1,3,3,1,0,0,0,1
30,2,855,2,7,4,2,1,1428,4,0,73,3,2,7,1,0,4779,12761,7,0,0,14,3,2,80,2,8,3,3,3,2,0,2,0
31,2,182,1,8,5,1,1,1430,1,0,93,3,4,5,2,2,16422,8847,3,0,0,11,3,3,80,0,9,3,4,3,2,1,0,0
34,1,560,1,1,4,4,1,1431,4,1,91,3,1,6,1,0,2996,20284,5,0,0,14,3,3,80,2,10,2,3,4,3,1,3,0
31,2,202,1,8,3,1,1,1433,1,0,34,2,1,6,2,2,1261,22262,1,0,0,12,3,3,80,0,1,3,4,1,0,0,0,1
27,2,1377,1,11,1,1,1,1434,2,1,91,3,1,2,1,1,2099,7679,0,0,0,14,3,2,80,0,6,3,4,5,0,1,4,0
36,2,172,1,4,4,1,1,1435,1,1,37,2,2,2,4,2,5810,22604,1,0,0,16,3,3,80,0,10,2,2,10,4,1,8,0
36,2,329,2,16,4,2,1,1436,3,0,98,2,2,7,1,1,5647,13494,4,0,0,13,3,1,80,2,11,3,2,3,2,0,2,0
47,2,465,1,1,3,5,1,1438,1,1,74,3,1,6,4,1,3420,10205,7,0,0,12,3,3,80,1,17,2,2,6,5,1,2,0
25,2,383,2,9,2,1,1,1439,1,1,68,2,1,8,1,1,4400,15182,3,0,0,12,3,1,80,0,6,2,3,3,2,2,2,1
37,0,1413,1,5,2,5,1,1440,3,1,84,4,1,2,3,2,3500,25470,0,0,0,14,3,1,80,0,7,2,1,6,5,1,3,0
56,2,1255,1,1,2,1,1,1441,1,0,90,3,1,6,1,1,2066,10494,2,0,0,22,4,4,80,1,5,3,4,3,2,1,0,0
47,2,359,1,2,4,3,1,1443,1,0,82,3,4,5,3,1,17169,26703,3,0,0,19,3,2,80,2,26,2,4,20,17,5,6,0
24,2,1476,2,4,1,3,1,1445,4,0,42,3,2,7,3,1,4162,15211,1,0,1,12,3,3,80,2,5,3,3,5,4,0,3,0
32,2,601,2,7,5,2,1,1446,4,1,97,3,2,7,4,1,9204,23343,4,0,0,12,3,3,80,1,7,3,2,4,3,0,3,0
34,2,401,1,1,3,1,1,1447,4,0,86,2,1,2,2,1,3294,3708,5,0,0,17,3,1,80,1,7,2,2,5,4,0,2,0
41,2,1283,1,5,5,3,1,1448,2,1,90,4,1,6,3,1,2127,5561,2,0,1,12,3,1,80,0,7,5,2,4,2,0,3,0
40,0,663,1,9,4,4,1,1449,3,1,81,3,2,2,3,0,3975,23099,3,0,0,11,3,3,80,2,11,2,4,8,7,0,7,0
31,2,326,2,8,2,1,1,1453,1,1,31,3,3,7,4,0,10793,8386,1,0,0,18,3,1,80,1,13,5,3,13,7,9,9,0
46,2,377,2,9,3,2,1,1457,1,1,52,3,3,7,4,0,10096,15986,4,0,0,11,3,1,80,1,28,1,4,7,7,4,3,1
39,0,592,1,2,3,1,1,1458,1,0,54,2,1,2,1,2,3646,17181,2,0,1,23,4,2,80,0,11,2,4,1,0,0,0,1
31,1,1445,1,1,5,1,1,1459,3,0,100,4,3,4,2,2,7446,8931,1,0,0,11,3,1,80,0,10,2,3,10,8,4,7,1
45,2,1038,1,20,3,3,1,1460,2,1,95,1,3,0,1,0,10851,19863,2,0,1,18,3,2,80,1,24,2,3,7,7,0,7,0
31,2,1398,0,8,2,3,1,1461,4,0,96,4,1,1,2,2,2109,24609,9,0,0,18,3,4,80,0,8,3,3,3,2,0,2,0
31,1,523,1,2,3,1,1,1464,2,1,94,3,1,2,4,1,3722,21081,6,0,1,13,3,3,80,1,7,2,1,2,2,2,2,1
45,2,1448,1,29,3,5,1,1465,2,1,55,3,3,4,4,1,9380,14720,4,0,1,18,3,4,80,2,10,4,4,3,1,1,2,0
48,2,1221,2,7,3,2,1,1466,3,1,96,3,2,7,1,0,5486,24795,4,0,0,11,3,1,80,3,15,3,3,2,2,2,2,0
34,2,1107,0,9,4,5,1,1467,1,0,52,3,1,1,3,1,2742,3072,1,0,0,15,3,4,80,0,2,0,3,2,2,2,2,1
40,0,218,1,8,1,3,1,1468,4,1,55,2,3,5,2,0,13757,25178,2,0,0,11,3,3,80,1,16,5,3,9,8,4,8,0
28,2,866,2,5,3,3,1,1469,4,1,84,3,2,7,1,2,8463,23490,0,0,0,18,3,4,80,0,6,4,3,5,4,1,3,0
44,0,981,1,5,3,1,1,1471,3,1,90,2,1,2,3,2,3162,7973,3,0,0,14,3,4,80,0,7,5,3,5,2,0,3,0
53,2,447,1,2,3,3,1,1472,4,1,39,4,4,5,2,2,16598,19764,4,0,0,12,3,2,80,0,35,2,2,9,8,8,8,0
49,2,1495,1,5,4,5,1,1473,1,1,96,3,2,0,3,1,6651,21534,2,0,0,14,3,2,80,1,20,0,2,3,2,1,2,0
40,2,896,1,2,3,3,1,1474,3,1,68,3,1,6,3,0,2345,8045,2,0,0,14,3,3,80,1,8,3,4,3,1,1,2,0
44,2,1467,1,20,3,1,1,1475,4,1,49,3,1,6,2,2,3420,21158,1,0,0,13,3,3,80,0,6,3,2,5,2,1,3,0
33,1,430,2,7,3,3,1,1477,4,1,54,3,2,7,1,1,4373,17456,0,0,0,14,3,1,80,2,5,2,3,4,3,0,3,0
34,2,1326,2,3,3,4,1,1478,4,1,81,1,2,7,1,2,4759,15891,3,0,0,18,3,4,80,0,15,2,3,13,9,3,12,0
30,2,1358,2,16,1,1,1,1479,4,1,96,3,2,7,3,1,5301,2939,8,0,0,15,3,3,80,2,4,2,2,2,1,2,2,0
42,1,748,1,9,2,3,1,1480,1,0,74,3,1,2,4,2,3673,16458,1,0,0,13,3,3,80,0,12,3,3,12,9,5,8,0
44,1,383,2,1,5,2,1,1481,1,0,79,3,2,7,3,1,4768,9282,7,0,0,12,3,3,80,1,11,4,2,1,0,0,0,0
30,0,990,1,7,3,5,1,1482,3,1,64,3,1,6,3,0,1274,7152,1,0,0,13,3,2,80,2,1,2,2,1,0,0,0,0
57,2,405,1,1,2,1,1,1483,2,1,93,4,2,6,3,1,4900,2721,0,0,0,24,4,1,80,1,13,2,2,12,9,2,8,0
49,2,1490,1,7,4,1,1,1484,3,1,35,3,3,0,2,0,10466,20948,3,0,0,14,3,2,80,2,29,3,3,8,7,0,7,0
34,1,829,1,15,3,3,1,1485,2,1,71,3,4,5,1,0,17007,11929,7,0,0,14,3,4,80,2,16,3,2,14,8,6,9,0
28,1,1496,2,1,3,5,1,1486,1,1,92,3,1,8,3,1,2909,15747,3,0,0,15,3,4,80,1,5,3,4,3,2,1,2,1
29,1,115,2,13,3,5,1,1487,1,0,51,3,2,7,2,2,5765,17485,5,0,0,11,3,1,80,0,7,4,1,5,3,0,0,1
